h3,2017,2018,2019,2020,2021,2022,2023,2024,2025,2026
891e064c823ffff,0,0,0,0,0,0,0,0,0,0
891e064c827ffff,0,0,0,0,0,0,0,0,0,0
891e064c82bffff,0,0,0,0,0,0,0,0,0,0
891e064c82fffff,0,0,0,0,0,0,0,0,0,0
891e064c833ffff,0,0,0,0,0,0,0,0,0,0
891e064c837ffff,0,0,0,0,0,0,0,0,0,0
891e064c863ffff,0,0,0,0,0,0,0,0,0,0
891e064c867ffff,0,0,0,0,0,0,1,1,1,0
891e064c86fffff,0,0,0,0,0,0,0,0,0,0
891e064c877ffff,0,0,0,0,0,0,0,0,0,0
891e064c8a3ffff,0,0,0,0,0,0,0,0,0,0
891e064c8a7ffff,0,0,0,0,0,0,0,0,0,0
891e064c8abffff,0,0,0,0,0,0,0,0,0,0
891e064c8afffff,0,0,0,0,0,0,0,0,0,0
891e064c8b3ffff,0,0,0,0,0,0,0,0,0,0
891e064c8b7ffff,0,0,0,0,0,0,0,0,0,0
891e064c903ffff,0,0,0,0,0,0,0,0,0,0
891e064c907ffff,0,0,0,0,0,0,0,0,0,0
891e064c90bffff,0,0,0,0,0,0,0,0,0,0
891e064c90fffff,0,0,0,0,0,0,1,1,0,0
891e064c913ffff,0,0,0,0,0,0,0,0,0,0
891e064c917ffff,0,0,0,0,0,0,0,0,0,0
891e064c91bffff,0,0,0,0,0,0,0,0,0,0
891e064c923ffff,0,0,0,0,0,0,0,0,0,0
891e064c927ffff,0,0,0,0,0,0,0,0,0,0
891e064c92bffff,0,0,0,0,0,0,1,1,0,0
891e064c92fffff,0,0,0,0,0,0,0,0,0,0
891e064c933ffff,0,0,0,0,0,0,0,0,0,0
891e064c937ffff,0,0,0,0,0,0,0,0,0,0
891e064c93bffff,0,0,0,0,0,0,0,0,0,0
891e064c943ffff,0,0,0,0,0,0,0,0,0,0
891e064c947ffff,0,0,0,0,0,0,0,0,0,0
891e064c94bffff,0,0,0,0,0,0,0,0,0,0
891e064c94fffff,0,0,0,0,0,0,0,0,0,0
891e064c953ffff,0,0,0,0,0,0,0,0,0,0
891e064c957ffff,0,0,0,0,0,0,0,0,0,0
891e064c95bffff,0,0,0,0,0,0,0,0,0,0
891e064c963ffff,0,2,0,0,0,0,0,2,0,0
891e064c967ffff,0,0,0,0,0,0,0,0,0,1
891e064c96bffff,0,0,0,0,0,0,0,0,0,0
891e064c96fffff,0,0,1,1,0,0,0,2,2,0
891e064c973ffff,0,0,0,0,0,0,0,0,0,0
891e064c977ffff,0,0,0,0,0,0,0,0,1,0
891e064c97bffff,0,0,0,0,0,0,0,0,0,0
891e064c983ffff,0,0,0,0,0,0,0,0,0,0
891e064c987ffff,0,0,0,0,0,0,0,0,0,0
891e064c98bffff,0,0,0,0,0,0,0,0,0,0
891e064c98fffff,0,0,0,0,0,0,0,0,0,0
891e064c993ffff,0,0,0,0,0,0,0,0,0,0
891e064c997ffff,0,0,0,0,0,0,0,0,0,0
891e064c99bffff,0,0,0,0,0,0,0,0,0,0
891e064c9a3ffff,0,0,0,0,0,0,0,0,0,0
891e064c9a7ffff,0,0,0,0,0,0,0,0,0,0
891e064c9abffff,0,0,0,0,0,0,0,0,0,0
891e064c9afffff,0,0,0,0,0,0,0,0,0,0
891e064c9b3ffff,0,0,0,0,0,0,0,0,0,0
891e064c9b7ffff,0,0,0,0,0,0,0,0,0,0
891e064c9bbffff,0,0,0,0,0,0,0,0,0,0
891e064c9c3ffff,0,0,0,0,0,0,0,0,0,0
891e064c9c7ffff,0,0,0,0,0,0,0,0,0,0
891e064c9cbffff,0,0,0,0,0,0,0,0,0,0
891e064c9cfffff,0,0,0,0,0,0,0,0,0,0
891e064c9d3ffff,0,0,0,0,0,0,0,0,0,0
891e064c9d7ffff,0,0,0,0,0,0,0,0,0,0
891e064c9dbffff,0,0,0,0,0,0,0,0,0,0
891e064ca23ffff,0,0,0,0,0,0,0,0,0,0
891e064ca27ffff,0,0,0,0,0,0,0,0,0,0
891e064ca2bffff,0,0,0,0,0,0,0,0,0,0
891e064ca2fffff,0,0,0,0,0,0,0,0,0,0
891e064ca33ffff,0,0,0,0,0,0,0,0,0,0
891e064ca37ffff,0,0,0,0,0,0,0,0,0,0
891e064ca3bffff,0,0,0,0,0,0,0,0,0,0
891e064ca43ffff,0,0,0,0,0,0,0,0,0,1
891e064ca47ffff,0,0,0,0,0,0,0,0,0,0
891e064ca4bffff,0,0,0,0,0,0,0,0,0,0
891e064ca4fffff,0,0,0,0,0,0,0,0,1,0
891e064ca53ffff,0,0,0,0,1,1,2,2,4,0
891e064ca57ffff,0,0,0,0,0,0,0,0,0,0
891e064ca5bffff,0,0,0,0,0,0,0,0,0,0
891e064ca63ffff,0,0,0,0,0,0,0,0,0,0
891e064ca67ffff,0,0,0,0,0,0,0,0,0,0
891e064ca6bffff,0,0,0,0,0,0,0,0,0,0
891e064ca6fffff,0,0,0,0,0,0,0,0,0,0
891e064ca73ffff,0,0,0,0,0,0,0,0,0,0
891e064ca77ffff,0,0,0,0,0,0,0,0,0,0
891e064ca7bffff,0,0,0,0,0,0,0,0,0,0
891e064cac3ffff,0,0,1,1,0,0,0,0,0,0
891e064cacbffff,0,2,2,2,2,2,2,2,3,6
891e064cacfffff,0,1,0,0,0,0,0,0,0,0
891e064cadbffff,0,0,0,0,0,0,0,0,1,0
891e064cb03ffff,0,0,0,0,0,0,0,0,0,0
891e064cb07ffff,0,0,0,0,0,0,0,0,0,0
891e064cb0bffff,0,0,0,0,0,0,0,0,0,0
891e064cb0fffff,0,0,0,0,0,0,0,0,0,0
891e064cb13ffff,0,0,1,0,0,0,0,0,0,0
891e064cb17ffff,0,0,0,0,0,0,0,0,0,0
891e064cb1bffff,0,0,0,0,0,0,0,0,0,0
891e064cb23ffff,0,0,0,0,0,0,0,0,0,0
891e064cb27ffff,0,0,0,0,0,0,0,0,0,0
891e064cb2bffff,0,0,0,0,0,0,0,0,0,0
891e064cb2fffff,0,0,0,0,0,0,1,2,3,0
891e064cb33ffff,0,0,0,0,0,0,0,0,0,0
891e064cb37ffff,1,1,1,1,1,1,1,1,1,1
891e064cb3bffff,0,0,0,1,1,1,1,1,1,1
891e064cb43ffff,0,0,0,0,1,1,2,1,0,0
891e064cb47ffff,0,0,0,0,0,0,0,0,0,0
891e064cb4bffff,0,0,0,0,0,0,0,0,0,0
891e064cb4fffff,0,0,0,0,0,0,0,0,1,1
891e064cb53ffff,0,0,0,0,0,0,0,0,3,1
891e064cb57ffff,0,0,0,0,0,0,0,0,9,0
891e064cb5bffff,0,0,0,0,0,0,0,0,0,0
891e064cb63ffff,0,0,0,0,0,0,0,0,0,0
891e064cb67ffff,0,0,0,0,0,0,0,0,0,0
891e064cb6bffff,0,0,0,0,0,0,0,0,0,1
891e064cb6fffff,0,0,0,1,1,0,0,0,0,0
891e064cb73ffff,0,0,0,0,0,0,0,0,0,0
891e064cb77ffff,0,0,0,0,0,0,0,0,0,0
891e064cb7bffff,0,0,0,0,0,0,0,0,0,0
891e064cb83ffff,0,0,0,2,0,0,0,0,2,1
891e064cb87ffff,0,0,0,0,0,0,0,0,0,0
891e064cb8bffff,0,0,0,0,0,1,1,1,2,3
891e064cb8fffff,0,0,0,0,0,0,0,0,0,0
891e064cb93ffff,0,0,0,0,0,0,0,0,0,0
891e064cb97ffff,0,0,0,0,0,0,0,0,0,0
891e064cb9bffff,0,0,0,0,0,1,0,0,1,2
891e064cba3ffff,0,0,0,0,0,0,0,0,0,0
891e064cba7ffff,0,0,0,0,0,0,0,2,2,2
891e064cbabffff,0,0,0,0,0,0,0,0,0,0
891e064cbafffff,0,0,0,0,0,0,0,0,0,0
891e064cbb3ffff,0,0,0,0,0,0,0,0,0,0
891e064cbb7ffff,0,0,0,0,0,0,0,0,0,0
891e064cbbbffff,0,0,0,0,0,0,0,0,0,0
891e064cbc3ffff,0,1,1,1,0,0,0,0,0,0
891e064cbc7ffff,1,0,1,0,0,1,1,1,0,1
891e064cbcbffff,1,1,1,0,0,0,0,0,0,0
891e064cbcfffff,0,0,0,0,0,0,0,0,2,1
891e064cbd3ffff,0,0,0,0,0,0,0,0,0,0
891e064cbd7ffff,0,0,0,0,0,0,0,0,0,0
891e064cd2fffff,0,0,0,0,0,0,0,0,0,0
891e064cd43ffff,0,0,0,0,0,0,0,0,0,0
891e064cd47ffff,0,0,0,0,0,0,0,0,0,0
891e064cd4bffff,0,0,0,0,0,0,0,0,0,0
891e064cd4fffff,0,0,0,0,0,0,0,0,0,0
891e064cd63ffff,0,0,0,0,0,0,0,0,0,0
891e064cd67ffff,0,0,0,0,0,0,0,0,0,0
891e064cd6bffff,0,0,0,0,0,0,0,0,0,0
891e064cd6fffff,0,0,0,0,0,0,0,0,0,0
891e064cd73ffff,0,0,0,0,0,0,0,0,0,0
891e064cd7bffff,0,0,0,0,0,0,0,0,0,0
891e064d203ffff,0,0,0,0,0,0,0,0,0,0
891e064d20bffff,0,0,0,0,0,0,0,0,0,0
891e064d20fffff,0,0,0,0,0,0,0,0,0,0
891e064d22bffff,0,0,0,0,0,0,0,0,0,0
891e064d24fffff,0,0,0,0,0,0,0,0,0,0
891e064d263ffff,0,0,0,0,0,0,0,0,0,0
891e064d267ffff,0,0,0,0,0,0,0,0,0,0
891e064d26bffff,0,0,0,0,0,0,0,0,0,0
891e064d26fffff,0,0,0,0,0,0,0,0,0,0
891e064d273ffff,0,0,0,0,0,0,0,0,0,0
891e064d277ffff,0,0,0,0,0,0,0,0,0,0
891e064d27bffff,0,0,0,0,0,0,0,0,0,0
891e064d803ffff,0,0,0,0,0,0,0,0,0,0
891e064d807ffff,0,0,0,0,0,0,0,0,0,0
891e064d80bffff,0,0,0,0,0,0,0,0,0,0
891e064d80fffff,0,0,0,0,0,0,0,0,0,0
891e064d813ffff,0,0,0,0,0,0,0,0,0,0
891e064d817ffff,0,0,0,0,0,0,0,0,0,0
891e064d81bffff,0,0,0,0,0,0,0,0,0,0
891e064d823ffff,0,0,0,0,0,0,0,0,0,0
891e064d827ffff,0,0,0,0,0,0,0,0,0,0
891e064d82bffff,0,0,0,0,0,0,0,0,0,0
891e064d82fffff,0,0,0,0,0,0,0,0,0,0
891e064d833ffff,0,0,0,0,0,0,0,0,0,0
891e064d837ffff,0,0,0,0,0,0,0,0,0,0
891e064d83bffff,0,0,0,0,0,0,0,0,0,0
891e064d843ffff,0,0,0,0,0,0,0,0,0,0
891e064d847ffff,0,0,0,0,0,0,0,0,0,0
891e064d84bffff,0,0,0,0,0,0,0,0,0,0
891e064d84fffff,0,0,0,0,0,0,0,0,0,0
891e064d853ffff,0,0,0,0,0,0,0,0,0,0
891e064d857ffff,0,0,0,0,0,0,0,0,0,0
891e064d85bffff,0,0,0,0,0,0,0,0,0,0
891e064d863ffff,0,0,0,0,0,0,0,0,0,0
891e064d867ffff,0,0,0,0,0,0,1,0,0,0
891e064d86bffff,0,0,0,0,0,0,0,0,0,0
891e064d86fffff,0,0,0,0,0,0,0,0,0,0
891e064d873ffff,0,0,0,0,0,0,0,0,0,0
891e064d877ffff,0,0,0,0,0,0,0,0,0,0
891e064d87bffff,0,0,0,0,0,0,0,0,0,0
891e064d887ffff,0,0,0,0,0,0,0,0,0,0
891e064d88bffff,0,0,0,0,0,0,0,0,0,0
891e064d88fffff,0,0,0,0,0,0,0,0,0,0
891e064d8a3ffff,0,0,0,0,0,0,0,0,0,0
891e064d8a7ffff,0,0,0,0,0,0,0,0,0,0
891e064d8abffff,0,0,0,0,0,0,0,0,0,0
891e064d8afffff,0,0,0,0,0,0,0,0,0,0
891e064d8b3ffff,0,0,0,0,0,0,0,0,0,0
891e064d8b7ffff,0,0,0,0,0,0,0,0,0,0
891e064d8bbffff,0,0,0,0,0,0,0,0,0,0
891e064d8c3ffff,0,0,0,0,0,0,0,0,0,0
891e064d8c7ffff,0,0,0,0,0,0,0,0,0,0
891e064d8cbffff,0,0,0,0,0,0,0,0,0,0
891e064d8cfffff,0,0,0,0,0,0,0,0,0,0
891e064d8d3ffff,0,0,0,0,0,0,0,0,0,0
891e064d8d7ffff,0,0,0,0,0,0,0,0,0,0
891e064d8dbffff,0,0,0,0,0,0,0,0,0,0
891e064d903ffff,0,0,0,0,0,0,0,0,0,0
891e064d907ffff,0,0,0,0,0,0,0,0,0,0
891e064d90bffff,0,0,1,2,1,0,0,1,0,0
891e064d90fffff,0,0,0,0,0,0,0,0,0,0
891e064d913ffff,0,0,0,0,0,0,0,0,0,0
891e064d917ffff,0,0,0,0,0,0,0,0,0,0
891e064d91bffff,0,0,0,0,0,1,1,0,0,0
891e064d923ffff,0,0,0,0,0,0,0,0,0,0
891e064d927ffff,0,0,0,0,0,0,0,0,0,0
891e064d92bffff,0,0,1,1,1,1,0,0,0,0
891e064d92fffff,0,0,0,0,0,0,0,0,0,0
891e064d933ffff,0,0,0,0,0,0,0,0,0,0
891e064d937ffff,0,0,0,0,0,0,0,0,0,0
891e064d93bffff,0,0,0,0,0,0,0,0,0,0
891e064d943ffff,0,2,4,4,2,1,1,1,1,1
891e064d947ffff,0,0,0,0,1,1,0,0,0,0
891e064d94bffff,0,1,1,1,0,0,0,0,0,1
891e064d94fffff,0,0,2,1,0,0,1,2,0,2
891e064d953ffff,0,0,0,0,0,0,0,0,0,1
891e064d957ffff,0,0,0,0,0,0,0,0,0,0
891e064d95bffff,0,0,0,0,0,0,0,0,0,2
891e064d963ffff,1,1,2,1,1,1,1,1,1,3
891e064d967ffff,1,0,0,0,0,0,0,0,0,0
891e064d96bffff,0,0,0,0,1,1,1,4,2,2
891e064d96fffff,1,0,0,0,1,1,1,1,1,1
891e064d973ffff,0,0,0,0,0,0,0,0,0,0
891e064d977ffff,0,0,0,0,0,0,1,1,0,1
891e064d97bffff,0,0,0,0,0,0,0,1,1,1
891e064d983ffff,0,0,0,0,0,0,0,0,0,0
891e064d987ffff,0,0,0,0,0,0,0,0,0,0
891e064d98bffff,0,0,0,0,0,0,0,0,0,0
891e064d98fffff,0,0,0,0,0,0,0,0,0,0
891e064d993ffff,0,0,0,0,0,0,0,0,0,0
891e064d997ffff,0,0,0,0,0,0,0,0,0,0
891e064d99bffff,1,1,1,1,1,0,0,0,0,0
891e064d9a3ffff,0,0,0,0,0,0,0,0,0,0
891e064d9a7ffff,0,0,0,0,0,0,0,0,0,0
891e064d9abffff,0,0,0,0,0,0,0,0,0,0
891e064d9afffff,0,1,0,0,0,0,0,0,0,0
891e064d9b3ffff,0,0,0,0,0,0,0,0,0,0
891e064d9b7ffff,1,1,2,2,2,2,2,2,2,2
891e064d9bbffff,0,0,0,0,0,0,0,0,0,0
891e064d9c3ffff,0,0,0,0,0,0,0,0,0,0
891e064d9c7ffff,0,0,0,0,0,0,0,0,0,0
891e064d9cbffff,0,0,0,0,0,0,0,0,0,0
891e064d9cfffff,0,0,0,0,0,0,0,0,0,0
891e064d9d3ffff,0,0,0,0,0,0,0,0,0,0
891e064d9d7ffff,0,0,0,0,0,0,0,0,0,0
891e064d9dbffff,0,0,0,0,0,0,0,0,0,0
891e064da03ffff,0,0,0,0,1,1,1,1,1,1
891e064da07ffff,0,0,0,0,0,0,0,0,0,0
891e064da0bffff,0,0,0,0,0,0,0,0,0,0
891e064da0fffff,0,1,0,0,0,0,0,0,0,1
891e064da13ffff,0,0,0,0,0,0,0,0,0,0
891e064da17ffff,1,1,1,1,1,1,1,3,3,1
891e064da1bffff,0,0,0,0,0,0,0,0,0,0
891e064da23ffff,0,0,0,0,0,0,0,1,0,1
891e064da27ffff,0,0,0,2,2,1,2,1,2,1
891e064da2bffff,0,0,0,0,0,0,0,0,0,0
891e064da2fffff,1,1,1,0,0,0,0,0,0,5
891e064da33ffff,0,0,0,0,0,0,0,1,0,0
891e064da37ffff,1,1,1,1,0,0,0,0,0,0
891e064da3bffff,0,0,0,0,0,0,0,0,0,0
891e064da43ffff,0,0,1,1,1,1,1,0,0,0
891e064da47ffff,0,0,0,0,0,0,0,0,0,0
891e064da4bffff,0,0,0,0,0,0,1,1,0,0
891e064da4fffff,0,0,0,0,0,0,0,0,1,1
891e064da53ffff,0,0,0,0,0,0,0,0,0,0
891e064da57ffff,0,0,0,0,0,0,0,0,0,0
891e064da5bffff,0,0,0,0,0,0,0,0,0,0
891e064da63ffff,0,0,0,0,0,0,0,0,0,0
891e064da67ffff,0,0,0,0,0,0,0,0,0,0
891e064da6bffff,0,1,1,1,1,1,1,1,1,1
891e064da6fffff,0,0,0,0,0,0,1,0,0,0
891e064da73ffff,0,0,0,0,0,0,0,0,0,0
891e064da77ffff,0,0,0,0,0,0,0,0,0,0
891e064da7bffff,0,0,0,0,0,0,0,0,0,0
891e064da83ffff,1,1,2,2,1,2,1,1,1,0
891e064da87ffff,0,0,0,0,0,0,0,0,0,0
891e064da8bffff,1,2,3,1,2,1,1,1,1,0
891e064da8fffff,1,1,1,2,2,2,3,2,2,2
891e064da93ffff,0,0,0,0,0,0,0,0,0,0
891e064da97ffff,1,1,1,0,0,0,0,0,0,0
891e064da9bffff,0,0,0,0,0,0,0,0,0,0
891e064daa3ffff,0,0,0,0,0,0,0,0,0,0
891e064daa7ffff,0,0,0,1,1,1,1,1,1,1
891e064daabffff,0,0,0,0,0,0,0,3,3,0
891e064daafffff,0,0,1,0,0,0,0,0,0,0
891e064dab3ffff,1,1,1,0,0,0,0,0,0,0
891e064dab7ffff,0,0,0,0,0,0,0,0,0,0
891e064dabbffff,0,0,0,0,0,0,0,5,4,1
891e064dac3ffff,0,0,0,0,0,0,0,0,0,0
891e064dac7ffff,0,0,0,1,1,1,0,0,0,0
891e064dacbffff,0,0,0,0,0,0,0,0,0,0
891e064dacfffff,0,0,0,0,0,0,0,0,0,0
891e064dad3ffff,0,0,0,0,1,0,0,1,1,0
891e064dad7ffff,0,0,1,1,0,0,0,0,0,0
891e064dadbffff,0,0,0,0,0,0,0,0,0,0
891e064db03ffff,3,4,4,3,4,4,4,5,5,4
891e064db07ffff,0,0,0,1,1,2,2,1,0,0
891e064db0bffff,0,0,0,0,0,0,0,0,0,0
891e064db0fffff,1,0,0,0,1,0,0,0,1,0
891e064db13ffff,2,2,1,3,2,1,2,6,5,2
891e064db17ffff,10,11,11,10,1,0,0,0,0,0
891e064db1bffff,0,0,0,0,0,0,0,0,0,0
891e064db23ffff,1,3,4,4,8,8,6,7,8,9
891e064db27ffff,2,3,2,2,1,0,0,2,2,3
891e064db2bffff,0,2,4,2,4,2,5,6,6,7
891e064db2fffff,2,3,5,4,8,6,9,7,4,2
891e064db33ffff,0,1,3,1,1,1,0,1,1,1
891e064db37ffff,1,1,0,0,1,1,1,1,2,2
891e064db3bffff,0,1,1,0,1,3,4,1,1,2
891e064db43ffff,0,0,1,1,0,0,0,0,0,0
891e064db47ffff,1,1,0,2,2,2,2,1,0,0
891e064db4bffff,2,1,2,1,0,0,0,0,0,0
891e064db4fffff,1,2,3,3,0,1,0,1,0,1
891e064db53ffff,0,0,0,0,0,0,0,0,2,1
891e064db57ffff,0,0,0,0,0,0,0,0,0,0
891e064db5bffff,0,0,1,2,1,1,1,1,1,1
891e064db63ffff,0,0,0,0,0,0,0,0,0,0
891e064db67ffff,3,4,6,8,4,5,8,7,7,2
891e064db6bffff,0,0,0,0,1,2,3,2,1,0
891e064db6fffff,1,0,0,0,0,0,0,1,0,0
891e064db73ffff,1,2,0,1,1,1,1,1,0,0
891e064db77ffff,7,6,9,9,5,6,5,4,3,4
891e064db7bffff,0,0,0,0,0,0,0,0,0,0
891e064db83ffff,0,0,0,1,0,0,0,0,0,0
891e064db87ffff,0,0,0,0,0,0,0,0,0,0
891e064db8bffff,0,0,0,0,0,0,1,1,1,1
891e064db8fffff,0,0,1,0,0,0,0,0,0,0
891e064db93ffff,0,0,0,0,0,0,0,0,0,0
891e064db97ffff,0,0,0,0,0,0,0,0,0,0
891e064db9bffff,0,0,0,0,0,0,0,0,0,0
891e064dba3ffff,0,0,0,0,1,0,0,0,0,1
891e064dba7ffff,1,2,4,5,2,3,3,4,5,6
891e064dbabffff,2,1,3,2,5,0,0,0,0,0
891e064dbafffff,3,5,4,6,2,3,3,3,2,1
891e064dbb3ffff,0,0,0,0,1,1,2,3,2,0
891e064dbb7ffff,1,1,1,1,1,1,2,11,10,9
891e064dbbbffff,10,11,4,4,2,0,0,0,0,0
891e064dbc3ffff,1,0,1,0,0,1,1,1,1,0
891e064dbc7ffff,0,0,0,0,0,0,0,0,0,0
891e064dbcbffff,1,0,0,0,0,0,0,0,1,1
891e064dbcfffff,0,0,0,0,0,0,0,0,0,0
891e064dbd3ffff,0,0,0,0,0,0,0,0,0,0
891e064dbd7ffff,3,0,0,0,0,0,0,4,4,0
891e064dbdbffff,0,0,0,0,0,0,0,0,0,0
891e064dd23ffff,0,0,0,0,0,0,0,0,0,0
891e064dd27ffff,0,0,0,0,0,0,0,0,1,0
891e064dd2bffff,0,0,0,0,0,0,0,0,0,0
891e064dd2fffff,0,0,0,0,0,0,0,0,0,0
891e064dd4fffff,0,0,0,0,0,0,0,0,0,0
891e064dd63ffff,0,0,0,0,0,0,0,0,0,0
891e064dd67ffff,0,0,0,0,0,0,0,0,0,0
891e064dd6bffff,0,0,0,0,0,0,0,0,0,0
891e064dd6fffff,0,0,0,0,0,0,0,0,0,0
891e064dd77ffff,0,0,0,0,0,0,0,0,0,0
891e064dd7bffff,0,0,0,0,0,0,0,0,0,0
891e064de27ffff,0,0,0,0,0,0,0,0,0,0
891e064de2bffff,0,0,0,0,0,0,0,0,0,0
891e064de2fffff,0,0,0,0,0,0,0,0,0,0
891e064de67ffff,0,0,0,0,0,0,0,0,0,0
891e064de6bffff,0,0,0,0,0,0,1,0,0,0
891e064de6fffff,0,0,0,0,1,0,0,0,0,0
891e064de7bffff,0,0,0,0,0,0,0,0,0,0
891e064dea7ffff,0,0,0,0,0,0,0,0,0,0
891e064deafffff,0,0,0,0,0,0,0,0,0,0
891e0669043ffff,0,0,0,0,0,0,0,0,0,0
891e066904bffff,0,0,0,0,0,0,0,0,0,0
891e0669053ffff,0,0,0,0,0,0,0,0,0,0
891e066905bffff,0,0,0,0,0,0,0,0,0,0
891e0669203ffff,0,0,0,0,0,0,0,0,0,0
891e0669207ffff,0,0,0,0,0,0,0,0,0,0
891e066920bffff,0,0,0,0,0,0,0,0,0,0
891e066920fffff,0,0,0,0,0,0,0,0,0,0
891e0669213ffff,0,0,0,0,0,0,0,0,0,0
891e0669217ffff,0,0,0,0,0,0,0,0,0,0
891e066921bffff,0,0,0,0,0,0,0,0,0,0
891e066922bffff,0,0,0,0,0,0,0,0,0,0
891e0669233ffff,0,0,0,0,0,0,0,0,0,0
891e066923bffff,0,0,0,0,0,0,0,0,0,0
891e0669243ffff,0,0,0,0,0,0,0,0,0,0
891e0669247ffff,0,0,0,0,0,0,0,0,0,0
891e0669253ffff,0,0,0,0,0,0,0,0,0,0
891e0669257ffff,0,0,0,0,0,0,0,0,0,0
891e0669263ffff,0,0,0,0,0,0,0,0,0,0
891e0669267ffff,0,0,0,0,0,0,0,0,0,0
891e0669273ffff,0,0,0,0,0,0,0,0,0,0
891e0669277ffff,0,0,0,0,0,0,0,0,0,0
891e0669283ffff,0,0,0,0,0,0,0,0,0,0
891e0669287ffff,0,0,0,0,0,0,0,0,0,0
891e066928bffff,0,0,0,0,0,0,0,0,0,0
891e066928fffff,0,0,0,0,0,0,0,0,0,0
891e0669293ffff,0,0,0,0,0,0,0,0,0,0
891e0669297ffff,0,0,0,0,0,0,0,0,0,0
891e066929bffff,0,0,0,0,0,0,0,0,0,0
891e06692a3ffff,0,0,0,0,0,0,0,0,0,0
891e06692abffff,0,0,0,0,0,0,0,0,0,0
891e06692b3ffff,0,0,0,0,0,0,0,0,0,0
891e06692bbffff,0,0,0,0,0,0,0,0,0,0
891e06692c3ffff,0,0,0,0,0,0,0,0,0,0
891e06692c7ffff,0,0,0,0,0,0,0,0,0,0
891e06692cbffff,0,0,0,0,0,0,0,0,0,0
891e06692cfffff,0,0,0,0,0,0,0,0,0,0
891e06692d3ffff,0,0,0,0,0,0,0,0,0,0
891e06692d7ffff,0,0,0,0,0,0,0,0,0,0
891e06692dbffff,0,0,0,0,0,0,0,0,0,0
891e0669603ffff,0,0,0,0,0,0,0,0,0,0
891e0669607ffff,0,0,0,0,0,0,0,0,0,0
891e066960bffff,0,0,0,0,0,0,0,0,0,0
891e066960fffff,0,0,0,0,0,0,0,0,0,0
891e0669613ffff,0,0,0,0,0,0,0,0,0,0
891e066961bffff,0,0,0,0,0,0,0,0,0,0
891e0669627ffff,0,0,0,0,0,0,0,0,0,0
891e066962bffff,0,0,0,0,0,0,0,0,0,0
891e066962fffff,0,0,0,0,0,0,0,0,0,0
891e066963bffff,0,0,0,0,0,0,0,0,0,0
891e0669643ffff,0,0,0,0,0,0,0,0,0,0
891e0669647ffff,0,0,0,0,0,0,0,0,0,0
891e066964bffff,0,0,0,0,0,0,0,0,0,0
891e066964fffff,0,0,0,0,0,0,0,0,0,0
891e0669653ffff,0,0,0,0,0,0,0,0,0,0
891e0669657ffff,0,0,0,0,0,0,0,0,0,0
891e066965bffff,0,0,0,0,0,0,0,0,0,0
891e0669663ffff,0,0,0,0,0,0,0,0,0,0
891e0669667ffff,0,0,0,0,0,0,0,0,0,0
891e066966bffff,0,0,0,0,0,0,0,0,0,0
891e066966fffff,0,0,0,0,0,0,0,0,0,0
891e0669673ffff,0,0,0,0,0,0,0,0,0,0
891e0669677ffff,0,0,0,0,0,0,0,0,0,0
891e066967bffff,0,0,0,0,0,0,0,0,0,0
891e066968bffff,0,0,0,0,0,0,0,0,0,0
891e0669693ffff,0,0,0,0,0,0,0,0,0,0
891e0669697ffff,0,0,0,0,0,0,0,0,0,0
891e066969bffff,0,0,0,0,0,0,0,0,0,0
891e06696c3ffff,0,0,0,0,0,0,0,0,0,0
891e06696c7ffff,0,0,0,0,0,0,0,0,0,0
891e06696cbffff,0,0,0,0,0,0,0,0,0,0
891e06696cfffff,0,0,0,0,0,0,0,0,0,0
891e06696d3ffff,0,0,0,0,0,0,0,0,0,0
891e06696d7ffff,0,0,0,0,0,0,0,0,0,0
891e06696dbffff,0,0,0,0,0,0,0,0,0,0
891e066b243ffff,0,0,0,0,0,0,0,0,0,0
891e066b24bffff,0,0,0,0,0,0,0,0,0,0
891e066b24fffff,0,0,0,0,0,0,0,0,0,0
891e066b253ffff,0,0,0,0,0,0,0,0,0,0
891e066b25bffff,0,0,0,0,0,0,0,0,0,0
891e066b2c3ffff,0,0,0,0,0,0,0,0,0,0
891e066b2cbffff,0,0,0,0,0,0,0,0,0,0
891e066b2d3ffff,0,0,0,0,0,0,0,0,0,0
891e066b2d7ffff,0,0,0,0,0,0,0,0,0,0
891e066b2dbffff,0,0,0,0,0,0,0,0,0,0
891e066b403ffff,0,0,0,0,0,0,0,0,0,0
891e066b40bffff,0,0,0,0,0,0,0,0,0,0
891e066b40fffff,0,0,0,0,0,0,0,0,0,0
891e066b413ffff,0,6,12,13,14,13,0,0,0,0
891e066b41bffff,0,0,0,0,0,0,0,0,0,0
891e066b443ffff,1,0,0,0,0,0,0,0,0,0
891e066b447ffff,0,0,0,0,0,0,0,0,0,0
891e066b44bffff,0,0,0,0,0,1,0,0,0,0
891e066b44fffff,0,0,0,0,0,0,0,0,0,0
891e066b453ffff,0,0,0,0,0,0,0,0,0,0
891e066b457ffff,0,0,0,0,0,0,0,0,0,0
891e066b45bffff,0,0,0,0,0,0,0,0,0,0
891e066b46bffff,0,0,0,0,0,0,0,0,0,0
891e066b473ffff,0,0,0,0,0,0,0,0,0,0
891e066b47bffff,0,0,0,0,0,0,0,0,0,0
891e066b48bffff,0,2,2,2,2,2,0,0,0,0
891e066b48fffff,0,4,6,6,7,6,0,0,0,0
891e066b4c3ffff,0,0,0,0,0,0,0,0,0,0
891e066b4c7ffff,0,0,0,0,0,0,0,0,0,0
891e066b4cbffff,0,0,0,0,0,0,0,0,0,0
891e066b4cfffff,0,0,0,0,0,0,0,0,0,0
891e066b4d3ffff,0,0,0,0,0,0,0,0,0,0
891e066b4d7ffff,0,0,0,0,0,0,0,0,0,0
891e066b4dbffff,0,0,0,0,0,0,0,0,0,0
891e066b603ffff,0,0,0,0,0,0,0,1,0,0
891e066b607ffff,0,0,0,0,0,0,0,0,0,0
891e066b60bffff,0,1,0,1,0,0,0,1,1,0
891e066b60fffff,0,0,0,0,0,0,0,1,0,0
891e066b613ffff,0,0,0,0,0,0,0,0,0,0
891e066b617ffff,0,0,0,0,0,0,0,0,0,0
891e066b61bffff,0,0,0,0,0,0,0,0,0,0
891e066b623ffff,0,0,2,2,0,0,0,0,0,0
891e066b62bffff,0,0,0,0,0,0,0,0,0,0
891e066b633ffff,0,0,1,1,0,0,0,0,0,0
891e066b637ffff,0,0,2,2,0,0,0,0,0,0
891e066b63bffff,0,0,0,0,0,0,0,1,0,1
891e066b643ffff,0,0,0,0,0,0,0,0,0,0
891e066b647ffff,1,1,1,1,2,2,3,1,1,0
891e066b64bffff,0,0,0,0,0,0,0,0,0,0
891e066b64fffff,2,0,0,1,0,1,0,1,0,1
891e066b653ffff,0,3,2,2,0,0,0,0,0,0
891e066b657ffff,0,0,0,1,0,0,0,0,0,0
891e066b65bffff,0,0,0,0,0,0,0,0,0,0
891e066b663ffff,0,0,0,0,0,0,0,0,0,0
891e066b667ffff,0,1,0,0,0,0,0,0,0,0
891e066b66bffff,0,0,0,0,0,0,0,0,0,0
891e066b66fffff,0,0,2,0,0,0,0,0,0,0
891e066b673ffff,0,0,0,0,0,0,0,0,0,0
891e066b677ffff,0,0,1,1,0,2,2,2,1,1
891e066b67bffff,0,0,0,0,0,0,0,0,0,0
891e066b683ffff,0,0,0,0,0,0,0,0,0,0
891e066b687ffff,0,0,0,0,0,0,0,0,1,1
891e066b68bffff,0,0,0,0,0,0,0,0,0,0
891e066b68fffff,0,0,0,0,0,0,0,0,0,0
891e066b693ffff,0,0,0,0,0,0,0,0,0,0
891e066b697ffff,0,0,0,0,0,0,0,0,0,0
891e066b69bffff,0,4,6,4,2,2,0,0,0,0
891e066b6a3ffff,0,0,0,0,0,0,0,0,0,0
891e066b6a7ffff,0,0,0,0,0,0,0,0,0,0
891e066b6abffff,0,0,0,0,0,0,0,0,0,0
891e066b6afffff,0,0,0,0,0,0,0,0,0,0
891e066b6b3ffff,0,0,1,1,1,1,0,0,0,0
891e066b6b7ffff,0,0,0,0,0,0,0,0,0,0
891e066b6bbffff,0,0,0,0,0,0,0,1,0,0
891e066b6c3ffff,0,0,0,0,0,0,0,0,0,0
891e066b6c7ffff,0,0,0,0,0,0,0,0,0,0
891e066b6cbffff,0,0,0,0,2,2,3,3,0,0
891e066b6cfffff,0,1,1,1,1,1,1,1,0,0
891e066b6d3ffff,0,0,0,0,0,0,0,0,0,0
891e066b6d7ffff,0,0,0,0,0,0,0,0,0,0
891e066b6dbffff,0,0,0,0,0,0,0,0,0,0
891e0679043ffff,0,0,0,0,0,0,1,1,1,1
891e0679047ffff,0,0,0,0,0,0,0,0,0,0
891e067904bffff,1,1,1,1,1,1,1,0,0,0
891e067904fffff,0,0,0,0,0,0,0,0,0,0
891e0679053ffff,0,0,0,0,0,1,0,1,3,0
891e067905bffff,1,1,1,1,1,1,1,1,0,0
891e067906bffff,0,0,0,0,0,0,0,0,0,0
891e067906fffff,0,0,0,0,0,0,0,0,0,0
891e067907bffff,0,0,0,0,0,0,0,0,0,0
891e0679103ffff,0,0,0,0,0,0,0,0,0,0
891e0679107ffff,0,0,0,0,0,0,0,0,0,0
891e067910bffff,0,0,0,0,0,0,0,0,0,0
891e067910fffff,0,0,0,0,0,0,0,0,0,0
891e067911bffff,0,0,0,0,0,0,0,0,0,0
891e0679123ffff,0,0,0,0,0,0,0,0,0,0
891e067912bffff,0,0,0,0,0,0,0,0,0,0
891e067912fffff,0,0,0,0,0,0,0,0,0,0
891e067913bffff,0,0,1,1,0,0,0,0,0,0
891e0679143ffff,0,0,1,1,0,0,0,0,0,0
891e0679147ffff,0,0,0,0,0,0,0,0,0,0
891e067914bffff,0,0,0,0,0,0,0,0,0,0
891e067914fffff,0,0,0,1,0,0,0,0,0,0
891e0679153ffff,0,0,0,0,0,0,0,0,0,0
891e0679157ffff,0,0,0,0,0,0,0,0,0,0
891e0679163ffff,0,0,0,0,0,0,0,0,0,0
891e0679167ffff,0,0,0,0,0,0,0,0,0,0
891e067916bffff,0,0,0,0,0,0,0,0,0,1
891e067916fffff,0,0,0,0,0,0,0,0,0,0
891e0679173ffff,0,0,0,0,0,0,0,0,0,0
891e0679177ffff,0,0,0,0,1,1,1,1,0,0
891e067917bffff,0,0,0,0,0,0,0,0,0,0
891e06791c3ffff,0,0,0,0,2,1,2,0,0,0
891e06791c7ffff,0,0,0,0,0,0,0,0,0,0
891e06791cfffff,0,0,0,0,0,0,0,0,0,0
891e0679203ffff,0,0,0,0,0,0,1,0,0,0
891e0679207ffff,0,0,0,0,0,0,0,0,0,0
891e067920bffff,0,0,0,0,0,1,5,6,4,4
891e067920fffff,0,0,0,0,0,0,0,0,0,0
891e0679213ffff,0,0,0,0,0,1,1,1,2,0
891e0679217ffff,0,0,0,1,0,0,0,0,0,0
891e067921bffff,0,0,0,0,0,1,1,1,1,1
891e0679223ffff,1,1,1,1,1,1,1,1,1,1
891e0679227ffff,0,0,0,0,0,0,0,0,0,0
891e067922bffff,4,3,4,4,6,5,5,4,4,1
891e067922fffff,0,0,0,0,0,0,0,0,0,0
891e0679233ffff,0,0,0,0,0,0,0,0,0,0
891e0679237ffff,0,1,0,1,0,0,0,0,0,0
891e067923bffff,0,0,1,2,0,0,0,0,0,1
891e0679243ffff,0,0,0,0,0,0,0,0,0,0
891e0679247ffff,0,0,0,0,0,0,0,0,0,0
891e067924bffff,0,0,0,0,0,1,1,1,1,1
891e067924fffff,0,0,0,0,0,0,1,1,1,1
891e0679253ffff,0,0,0,0,0,0,0,0,0,0
891e0679257ffff,0,0,0,0,0,0,0,1,0,0
891e067925bffff,0,0,0,0,0,0,0,0,0,0
891e0679263ffff,0,0,0,1,0,0,0,0,0,0
891e0679267ffff,3,3,4,2,3,3,4,4,2,2
891e067926bffff,0,0,0,0,1,2,3,3,4,4
891e067926fffff,0,0,0,0,0,0,0,0,3,1
891e0679273ffff,0,0,0,0,0,0,0,0,0,0
891e0679277ffff,2,2,2,2,0,0,0,3,2,1
891e067927bffff,0,0,0,0,0,1,1,3,3,3
891e0679283ffff,0,0,0,0,0,0,0,0,0,0
891e0679287ffff,0,0,0,0,1,1,1,1,1,0
891e067928bffff,0,0,0,0,0,0,0,0,0,0
891e067928fffff,0,0,1,0,0,0,0,0,0,0
891e0679293ffff,0,0,0,0,0,0,0,0,0,0
891e0679297ffff,0,0,0,1,0,0,0,0,0,0
891e067929bffff,0,0,0,0,0,0,0,0,0,0
891e06792a3ffff,0,0,0,0,0,0,0,0,0,0
891e06792a7ffff,0,0,0,0,0,1,1,1,1,0
891e06792abffff,0,0,0,0,0,0,0,0,0,0
891e06792afffff,0,0,0,0,0,0,0,0,0,0
891e06792b3ffff,0,0,0,1,0,0,1,1,0,1
891e06792b7ffff,0,0,0,0,0,0,0,0,0,0
891e06792bbffff,0,0,0,0,1,3,4,4,5,4
891e06792c3ffff,0,0,0,0,0,0,0,0,0,0
891e06792c7ffff,0,0,0,0,0,0,0,0,0,0
891e06792cbffff,0,0,0,0,0,0,0,0,0,0
891e06792cfffff,0,0,0,0,0,0,0,0,0,0
891e06792d3ffff,0,0,0,0,0,0,0,0,0,0
891e06792d7ffff,0,0,0,0,0,0,0,0,0,0
891e06792dbffff,0,0,0,0,0,0,0,0,0,0
891e0679303ffff,0,0,0,0,0,0,0,0,0,0
891e0679307ffff,0,0,0,0,0,0,0,0,0,0
891e067930bffff,0,0,0,0,0,0,0,0,0,0
891e067930fffff,0,0,0,0,0,0,0,0,0,0
891e0679313ffff,0,0,0,0,0,0,0,0,0,0
891e0679317ffff,0,0,0,0,0,0,0,0,0,0
891e067931bffff,0,0,0,0,0,0,0,0,0,0
891e0679323ffff,0,0,0,0,0,0,0,0,0,0
891e0679327ffff,0,0,0,0,0,0,0,0,0,0
891e067932bffff,0,0,0,0,0,0,0,0,0,0
891e067932fffff,0,0,0,0,0,0,0,0,0,0
891e0679333ffff,0,0,0,0,0,0,0,0,0,0
891e0679337ffff,0,0,0,0,0,0,0,0,0,0
891e067933bffff,0,0,0,0,0,0,0,0,0,0
891e0679343ffff,0,0,0,0,0,0,0,0,0,0
891e0679347ffff,0,0,0,0,0,0,0,0,0,0
891e067934bffff,0,0,0,0,0,0,0,0,0,0
891e067934fffff,0,0,0,0,0,0,0,0,0,0
891e0679353ffff,0,0,0,0,0,0,0,0,0,0
891e0679357ffff,0,0,0,0,0,0,0,0,0,0
891e067935bffff,0,0,0,0,0,0,0,0,0,0
891e0679363ffff,0,0,0,0,0,0,0,0,0,0
891e0679367ffff,0,0,0,0,0,0,0,0,0,0
891e067936bffff,0,0,0,0,0,0,0,0,0,0
891e067936fffff,0,0,0,0,0,0,0,0,0,0
891e0679373ffff,0,0,0,0,0,0,0,0,0,0
891e0679377ffff,0,0,0,0,0,0,0,0,0,0
891e067937bffff,0,0,0,0,0,0,0,0,0,0
891e06793a3ffff,0,0,0,0,0,0,0,0,0,0
891e06793a7ffff,0,0,0,0,0,0,0,0,3,5
891e06793abffff,0,0,0,0,0,0,0,0,0,0
891e06793afffff,0,0,0,0,0,0,0,0,0,0
891e06793b3ffff,0,0,0,0,0,0,0,0,0,0
891e06793b7ffff,0,0,0,0,0,0,0,0,3,7
891e06793bbffff,0,0,0,0,0,0,0,0,0,0
891e06793c3ffff,0,0,0,0,0,0,0,0,0,0
891e06793c7ffff,0,0,0,0,0,0,0,0,0,0
891e06793cbffff,0,0,0,0,0,0,0,0,0,0
891e06793cfffff,0,0,0,0,0,0,0,0,0,0
891e06793d3ffff,0,0,0,0,0,0,0,0,0,0
891e06793d7ffff,0,0,0,0,0,0,0,0,0,0
891e06793dbffff,0,0,0,0,1,0,1,0,0,0
891e0679443ffff,0,0,0,0,0,0,0,0,0,0
891e0679447ffff,0,0,0,0,0,0,0,0,0,0
891e067944bffff,0,0,0,0,0,0,0,0,0,0
891e067944fffff,0,0,0,0,0,0,0,0,0,0
891e0679453ffff,0,0,0,0,0,0,0,0,0,0
891e0679457ffff,0,0,0,0,0,0,0,0,0,0
891e067945bffff,0,0,0,0,0,0,0,0,0,0
891e067949bffff,0,0,0,0,0,0,0,0,0,0
891e06794c3ffff,0,0,0,0,0,0,0,0,0,0
891e06794c7ffff,0,0,0,0,0,0,0,0,0,0
891e06794cbffff,0,0,0,0,0,0,0,0,0,0
891e06794cfffff,0,0,0,0,0,0,0,0,0,0
891e06794d3ffff,0,0,0,0,0,0,0,0,0,0
891e06794d7ffff,0,0,0,0,0,0,0,0,0,0
891e06794dbffff,0,0,0,0,0,0,0,0,0,0
891e0679603ffff,0,0,0,0,0,1,0,0,0,0
891e0679607ffff,0,0,0,0,0,0,0,0,0,0
891e067960bffff,0,0,0,0,0,1,1,1,3,1
891e067960fffff,0,0,1,1,0,0,0,0,0,0
891e0679613ffff,0,0,0,0,0,0,0,0,0,0
891e0679617ffff,0,0,0,0,0,0,0,1,0,0
891e067961bffff,0,0,0,0,0,0,0,1,0,0
891e0679623ffff,0,0,0,0,0,0,0,0,0,0
891e0679627ffff,0,0,0,0,0,0,0,0,1,0
891e067962bffff,0,0,0,0,0,0,0,0,0,0
891e067962fffff,0,0,0,0,0,0,0,0,0,0
891e0679633ffff,0,0,0,0,0,0,0,0,0,0
891e0679637ffff,0,0,0,0,0,0,0,0,0,0
891e067963bffff,0,0,0,0,0,0,0,0,0,0
891e0679643ffff,0,0,0,0,0,0,0,0,0,0
891e0679647ffff,0,0,0,0,0,0,0,0,0,0
891e067964bffff,0,0,0,0,0,0,0,1,2,1
891e067964fffff,0,0,0,0,0,0,0,0,0,0
891e0679653ffff,0,0,0,0,0,0,1,0,0,0
891e0679657ffff,0,0,0,0,0,0,0,1,1,1
891e067965bffff,0,0,0,0,0,0,0,0,0,0
891e0679663ffff,0,0,0,0,0,0,1,0,0,0
891e0679667ffff,0,0,0,0,0,0,0,0,0,0
891e067966bffff,0,0,0,0,1,0,0,0,0,0
891e067966fffff,0,0,0,0,0,0,0,0,0,0
891e0679673ffff,0,0,0,1,0,1,1,1,1,1
891e0679677ffff,0,0,0,0,0,0,0,0,0,1
891e067967bffff,1,1,1,0,0,0,0,0,0,0
891e0679683ffff,0,0,0,0,0,0,0,0,0,0
891e0679687ffff,0,0,0,0,0,0,0,0,0,1
891e067968bffff,0,0,0,0,0,0,0,0,0,0
891e067968fffff,0,0,0,0,0,0,0,0,0,0
891e0679693ffff,0,0,0,0,0,0,0,0,1,0
891e0679697ffff,0,0,0,0,0,0,0,0,0,0
891e067969bffff,0,0,0,0,0,0,1,0,0,0
891e06796a3ffff,0,0,0,0,1,1,1,1,1,0
891e06796abffff,0,0,0,0,0,0,0,0,0,0
891e06796afffff,0,0,0,0,0,0,0,0,0,0
891e06796b3ffff,0,0,0,0,0,0,0,0,0,0
891e06796b7ffff,0,0,0,0,0,0,0,0,0,0
891e06796bbffff,0,0,0,0,0,0,0,0,0,0
891e06796c3ffff,1,0,0,0,0,0,1,0,0,0
891e06796c7ffff,0,0,0,0,0,0,0,0,0,0
891e06796cbffff,0,1,1,1,1,1,0,0,0,0
891e06796cfffff,1,1,0,0,0,0,0,0,0,0
891e06796d3ffff,0,0,0,0,0,0,0,3,2,2
891e06796d7ffff,0,0,0,0,0,0,0,0,0,0
891e06796dbffff,0,0,0,0,0,0,0,0,0,0
891e0679a03ffff,0,0,0,0,0,0,0,0,0,0
891e0679a07ffff,0,0,0,0,0,0,0,0,0,0
891e0679a0bffff,0,0,0,0,0,0,0,0,0,0
891e0679a0fffff,1,1,1,1,1,0,0,0,0,0
891e0679a13ffff,0,0,0,0,0,0,0,0,0,0
891e0679a17ffff,0,0,0,0,0,0,0,0,0,0
891e0679a1bffff,0,0,0,0,0,0,0,0,0,0
891e0679a23ffff,0,0,0,0,0,0,0,0,0,0
891e0679a2bffff,0,0,0,0,0,0,0,0,0,0
891e0679a33ffff,0,0,0,0,0,0,0,0,0,0
891e0679a3bffff,0,0,0,0,0,0,0,0,0,0
891e0679a43ffff,0,0,0,0,0,0,0,0,0,0
891e0679a47ffff,0,0,0,0,0,0,0,0,0,0
891e0679a4bffff,0,0,0,0,0,0,0,0,0,0
891e0679a4fffff,0,0,0,0,0,0,0,0,0,0
891e0679a53ffff,0,0,0,0,0,0,0,0,0,0
891e0679a57ffff,0,0,0,0,0,0,0,0,0,0
891e0679a5bffff,0,0,0,0,0,0,0,0,0,0
891e0679a63ffff,0,2,0,0,0,0,0,0,0,0
891e0679a67ffff,0,0,0,0,0,0,0,0,0,0
891e0679a6bffff,0,0,0,0,0,0,0,0,0,0
891e0679a6fffff,0,0,0,0,0,0,0,0,0,0
891e0679a73ffff,0,0,0,0,0,0,0,0,0,0
891e0679a77ffff,0,3,1,1,1,1,0,0,0,1
891e0679a7bffff,0,0,0,0,0,0,0,0,0,0
891e0679a83ffff,0,0,0,0,0,0,0,0,0,0
891e0679a8bffff,0,0,0,0,0,0,0,0,0,0
891e0679a8fffff,0,0,0,0,0,0,0,0,0,0
891e0679a9bffff,0,0,0,0,0,0,0,0,0,0
891e0679aa3ffff,1,0,0,0,0,0,0,0,0,0
891e0679aa7ffff,0,0,0,0,0,0,0,0,0,0
891e0679aabffff,0,0,0,0,0,0,0,0,0,0
891e0679aafffff,0,0,0,0,0,0,0,0,0,0
891e0679ab3ffff,0,0,0,0,0,0,0,0,0,0
891e0679ab7ffff,0,0,0,0,0,0,0,0,0,0
891e0679abbffff,0,0,0,0,0,0,0,0,0,0
891e0679ac3ffff,0,0,0,0,0,0,0,0,0,0
891e0679ac7ffff,0,0,0,0,0,0,0,0,0,0
891e0679acbffff,0,0,0,0,0,0,0,0,0,0
891e0679acfffff,0,0,0,0,0,0,0,0,0,0
891e0679ad3ffff,0,0,0,0,0,0,0,0,0,0
891e0679ad7ffff,0,0,0,0,0,0,0,0,0,0
891e0679adbffff,0,0,0,0,0,0,0,0,0,0
891e0679e0bffff,0,0,0,0,0,0,0,0,0,0
891e0679e1bffff,0,0,0,0,0,0,0,0,0,0
891e0679e43ffff,0,0,0,0,0,0,0,0,0,0
891e0679e47ffff,0,0,0,0,0,0,0,0,0,0
891e0679e4bffff,0,0,0,0,0,0,0,0,0,0
891e0679e4fffff,0,0,0,0,0,0,0,0,0,0
891e0679e53ffff,0,0,0,0,0,0,0,0,0,0
891e0679e57ffff,0,0,0,0,0,0,0,0,0,0
891e0679e5bffff,0,0,0,0,0,0,0,0,0,0
891e0679e63ffff,0,0,0,0,0,0,0,0,0,0
891e0679e67ffff,0,0,0,0,0,0,0,0,0,0
891e0679e6bffff,0,0,0,0,0,0,0,0,0,0
891e0679e6fffff,0,0,0,0,0,0,0,0,0,0
891e0679e73ffff,0,0,0,0,0,0,0,0,0,0
891e0679e7bffff,0,0,0,0,0,0,0,0,0,0
891e0679e83ffff,0,0,0,0,0,0,0,0,0,0
891e0679e8bffff,0,0,0,0,0,0,0,0,0,0
891e0679e93ffff,0,0,0,0,0,0,0,0,0,0
891e0679e97ffff,0,0,0,0,0,0,0,0,0,0
891e0679e9bffff,0,0,0,0,0,0,0,0,0,0
891e0679ec3ffff,0,0,0,0,0,0,0,0,0,0
891e0679ec7ffff,0,0,0,0,0,0,0,0,0,0
891e0679ecbffff,0,0,0,0,0,0,0,0,0,0
891e0679ecfffff,0,0,0,0,0,0,0,0,0,0
891e0679ed3ffff,0,0,0,0,0,0,0,0,0,0
891e0679ed7ffff,0,0,0,0,0,0,0,0,0,0
891e0679edbffff,0,0,0,0,0,0,0,0,0,0
891e067b243ffff,0,0,0,0,0,0,0,0,0,0
891e067b247ffff,0,0,0,0,0,0,0,0,0,0
891e067b24bffff,0,0,0,0,0,0,0,0,0,0
891e067b24fffff,0,0,0,0,0,0,0,0,0,0
891e067b253ffff,0,0,0,0,0,0,0,0,0,0
891e067b257ffff,0,0,0,0,0,0,0,0,0,0
891e067b25bffff,0,0,0,0,0,0,0,0,0,0
891e067b263ffff,0,0,0,0,0,0,0,0,0,0
891e067b267ffff,0,0,0,0,0,0,0,0,0,0
891e067b26bffff,0,0,0,0,0,0,0,0,0,0
891e067b26fffff,0,0,0,0,0,0,0,0,0,0
891e067b273ffff,0,0,0,0,0,0,0,0,0,0
891e067b27bffff,0,0,0,0,0,0,0,0,0,0
891e15a2113ffff,0,0,0,0,0,0,0,0,0,0
891e15a2183ffff,0,0,0,0,0,0,0,0,1,0
891e15a2187ffff,2,2,2,2,5,3,3,3,3,1
891e15a218bffff,0,0,0,0,0,0,0,0,0,0
891e15a2193ffff,0,0,1,1,0,0,1,3,1,1
891e15a2197ffff,1,0,0,0,0,0,0,0,0,0
891e15a219bffff,0,0,1,1,1,1,1,1,1,1
891e15a21c7ffff,0,0,0,0,0,0,0,0,0,0
891e15a21d7ffff,0,0,0,0,0,0,0,0,0,0
891e15a2403ffff,0,0,1,1,0,2,0,1,0,0
891e15a2407ffff,0,3,3,2,2,2,0,0,0,0
891e15a240bffff,0,0,0,0,0,0,0,0,0,0
891e15a2413ffff,0,0,0,1,1,1,1,0,0,0
891e15a2417ffff,0,0,0,0,1,0,1,2,2,1
891e15a241bffff,0,0,0,0,1,1,0,0,0,0
891e15a2423ffff,0,2,1,1,0,1,0,0,2,3
891e15a2427ffff,0,0,0,2,0,0,0,0,0,0
891e15a2433ffff,0,0,0,0,1,1,1,1,1,0
891e15a2437ffff,2,1,1,1,0,0,0,0,0,0
891e15a2447ffff,0,0,0,0,0,0,0,0,0,0
891e15a2453ffff,0,0,0,0,0,0,0,0,0,0
891e15a2457ffff,0,0,1,1,0,0,0,1,0,0
891e15a2483ffff,0,0,1,1,1,1,1,1,1,0
891e15a2487ffff,0,0,0,0,0,0,0,0,0,1
891e15a248bffff,0,0,0,0,1,1,2,3,1,2
891e15a248fffff,1,1,1,1,0,0,0,0,0,0
891e15a2493ffff,0,1,1,1,1,1,1,1,1,1
891e15a2497ffff,0,0,0,0,0,0,0,0,0,0
891e15a249bffff,0,0,0,0,0,0,0,0,0,0
891e15a24a3ffff,0,1,1,1,1,0,1,2,2,3
891e15a24a7ffff,0,0,0,0,0,0,0,0,0,0
891e15a24abffff,1,1,1,0,0,0,0,6,4,6
891e15a24afffff,0,1,0,0,0,0,1,1,1,1
891e15a24b3ffff,0,0,0,0,1,1,2,1,1,0
891e15a24b7ffff,0,1,1,1,1,1,1,1,1,0
891e15a24bbffff,0,0,0,0,0,0,0,0,3,0
891e15a24c3ffff,0,0,0,0,0,1,0,0,0,0
891e15a24c7ffff,0,0,0,0,0,0,0,0,0,0
891e15a24cbffff,0,0,0,0,0,0,0,0,0,0
891e15a24cfffff,1,1,1,1,1,1,0,0,0,0
891e15a24d3ffff,0,0,0,0,0,0,0,0,0,0
891e15a24d7ffff,0,0,0,0,0,0,0,0,0,0
891e15a24dbffff,0,0,0,0,0,0,0,0,1,0
891e15a2503ffff,0,0,1,0,0,0,0,0,0,0
891e15a2507ffff,0,0,0,0,0,0,0,0,0,0
891e15a250bffff,0,0,0,0,0,0,0,0,0,0
891e15a250fffff,0,0,0,0,0,0,0,0,0,0
891e15a2513ffff,0,0,0,0,0,0,0,0,0,0
891e15a2517ffff,0,0,0,0,0,0,0,0,0,0
891e15a251bffff,0,0,0,0,0,0,0,0,0,0
891e15a2523ffff,0,0,0,0,0,0,0,3,3,1
891e15a2527ffff,0,0,0,0,0,0,0,1,2,0
891e15a252bffff,0,0,0,0,0,0,1,1,1,1
891e15a252fffff,1,0,0,0,0,0,0,4,2,0
891e15a2533ffff,0,0,0,0,0,0,0,0,0,0
891e15a2537ffff,0,0,0,0,0,0,0,0,0,0
891e15a253bffff,0,0,0,0,0,0,0,0,0,0
891e15a2543ffff,0,0,0,0,0,0,0,0,0,0
891e15a2547ffff,0,0,0,0,0,0,0,0,0,0
891e15a2553ffff,1,0,0,0,0,0,0,0,0,1
891e15a2557ffff,0,0,0,0,0,0,0,0,1,0
891e15a255bffff,0,0,0,0,0,0,0,0,0,0
891e15a2563ffff,0,0,0,0,0,0,0,0,0,0
891e15a2567ffff,0,0,0,0,0,0,0,0,0,0
891e15a256fffff,0,0,0,0,0,0,0,0,0,0
891e15a2573ffff,0,0,0,0,0,0,0,0,0,0
891e15a2577ffff,0,0,0,0,0,0,0,0,0,0
891e15a2583ffff,0,0,0,0,0,1,0,2,4,2
891e15a2587ffff,0,0,0,0,0,0,0,5,8,14
891e15a258bffff,0,0,0,1,0,0,1,1,1,1
891e15a258fffff,0,0,0,0,1,0,0,0,0,0
891e15a2593ffff,0,0,0,0,1,1,1,0,0,0
891e15a2597ffff,0,0,1,0,1,0,0,0,8,7
891e15a259bffff,0,0,0,1,0,2,3,0,0,0
891e15a25a3ffff,0,0,0,0,0,0,0,1,0,0
891e15a25a7ffff,1,0,0,0,0,0,17,6,12,15
891e15a25abffff,0,0,0,0,0,0,0,0,0,0
891e15a25afffff,0,0,0,0,0,0,0,0,0,0
891e15a25b3ffff,0,0,1,0,0,0,1,1,1,0
891e15a25b7ffff,0,0,1,1,0,0,1,1,1,1
891e15a25bbffff,0,0,0,0,1,1,1,0,0,0
891e15a25c3ffff,0,0,0,0,0,0,0,0,0,0
891e15a25c7ffff,1,1,0,0,0,0,0,0,0,0
891e15a25cbffff,0,0,0,1,0,0,0,0,0,0
891e15a25cfffff,0,1,0,1,1,1,1,1,8,1
891e15a25d3ffff,0,0,1,0,0,1,0,0,0,0
891e15a25d7ffff,0,2,1,1,1,2,2,2,1,0
891e15a25dbffff,0,0,0,0,0,0,0,0,0,0
891e15a2d83ffff,0,0,0,0,0,0,0,0,0,0
891e15a2d87ffff,0,0,0,0,0,0,0,0,0,0
891e15a2d8fffff,0,0,0,0,0,0,0,0,0,0
891e15a2d93ffff,0,0,0,0,0,0,0,0,0,0
891e15a2d97ffff,0,0,0,0,0,0,0,0,0,0
891e15a2d9bffff,0,0,0,0,0,0,0,0,0,0
891e15a2da3ffff,0,0,0,0,1,0,1,0,0,0
891e15a2da7ffff,0,0,0,0,0,0,0,0,0,0
891e15a2dafffff,0,0,0,0,0,0,0,0,0,0
891e15a2db3ffff,0,0,0,0,0,0,0,0,0,0
891e15a2db7ffff,0,0,0,0,0,0,0,0,0,0
891e15a2dbbffff,0,0,0,0,0,0,0,0,0,0
891e15a6527ffff,0,0,0,0,0,0,0,0,0,0
891e15a6533ffff,0,0,0,0,0,0,0,0,0,0
891e15a6537ffff,0,0,0,0,0,0,0,0,0,0
891e15a6583ffff,0,0,0,0,0,0,0,0,0,0
891e15a6587ffff,0,0,0,0,0,0,0,0,0,0
891e15a658fffff,0,0,0,0,0,0,0,0,0,0
891e15a6593ffff,0,0,0,0,0,0,0,0,0,0
891e15a6597ffff,0,0,0,0,0,0,0,0,0,0
891e15a65a3ffff,0,0,0,0,0,0,0,0,0,0
891e15a65a7ffff,0,0,0,0,0,0,0,0,0,0
891e15a65abffff,0,0,0,0,0,0,0,0,0,0
891e15a65afffff,0,0,0,0,0,0,0,0,0,0
891e15a65b3ffff,0,0,0,0,0,0,0,0,0,0
891e15a65b7ffff,0,0,0,0,0,0,0,0,0,0
891e15a65bbffff,0,0,0,0,0,0,0,0,0,0
891e15b0103ffff,0,0,0,0,0,0,0,0,0,0
891e15b0107ffff,0,0,0,0,0,0,0,0,0,0
891e15b010bffff,0,0,0,0,0,0,0,0,0,0
891e15b010fffff,0,0,0,0,0,0,0,0,0,0
891e15b0113ffff,0,0,0,0,0,0,0,0,0,0
891e15b0117ffff,0,0,0,0,0,0,0,0,0,0
891e15b011bffff,0,0,0,0,0,0,0,0,0,0
891e15b0123ffff,0,0,0,0,0,0,0,0,0,0
891e15b0127ffff,0,0,0,0,0,0,0,0,0,0
891e15b012bffff,0,0,0,0,0,0,0,0,0,0
891e15b012fffff,0,0,0,0,0,0,0,0,0,0
891e15b0133ffff,0,0,0,0,0,0,0,0,0,0
891e15b0137ffff,0,0,0,0,0,0,0,0,0,0
891e15b013bffff,0,0,0,0,0,0,0,0,0,0
891e15b0143ffff,0,0,0,0,0,0,0,0,0,0
891e15b0147ffff,0,0,0,0,0,0,0,0,0,0
891e15b014bffff,0,0,0,0,0,0,0,0,0,0
891e15b014fffff,0,0,0,0,0,0,0,0,0,0
891e15b0153ffff,0,0,0,0,0,0,0,0,0,0
891e15b0157ffff,0,0,0,0,0,0,0,0,0,0
891e15b015bffff,0,0,0,0,0,0,0,0,0,0
891e15b0163ffff,0,0,0,0,0,0,0,0,0,0
891e15b0167ffff,0,0,0,0,0,0,0,0,0,0
891e15b016bffff,0,0,0,0,0,0,0,0,0,0
891e15b016fffff,0,0,0,0,0,0,0,0,0,0
891e15b0173ffff,0,0,0,0,0,0,0,0,0,0
891e15b0177ffff,0,0,0,0,0,0,0,0,0,0
891e15b017bffff,0,0,0,0,0,0,0,0,0,0
891e15b0183ffff,0,0,0,0,0,0,0,0,0,0
891e15b0187ffff,0,0,0,0,0,0,0,0,0,0
891e15b018bffff,0,0,0,0,0,0,0,0,0,0
891e15b018fffff,0,0,0,0,0,0,0,0,0,0
891e15b0193ffff,0,0,0,0,0,0,0,0,0,0
891e15b0197ffff,0,0,0,0,0,0,0,0,0,0
891e15b019bffff,0,0,0,0,0,0,0,0,0,0
891e15b01a3ffff,0,0,0,0,0,0,0,0,0,0
891e15b01a7ffff,0,0,0,0,0,0,0,0,0,0
891e15b01abffff,0,0,0,0,0,0,0,0,0,0
891e15b01afffff,0,0,0,0,0,0,0,0,0,0
891e15b01b3ffff,0,0,0,0,0,0,0,0,0,0
891e15b01b7ffff,0,0,0,0,0,0,0,0,0,0
891e15b01bbffff,0,0,0,0,0,0,0,0,0,0
891e15b01c7ffff,0,0,0,0,0,0,0,0,0,0
891e15b01cfffff,0,0,0,0,0,0,0,0,0,0
891e15b0303ffff,0,0,0,0,0,0,0,0,0,0
891e15b0307ffff,0,0,0,0,0,0,0,0,0,0
891e15b030bffff,0,0,0,0,0,0,0,0,0,0
891e15b030fffff,0,0,0,0,0,0,0,0,0,0
891e15b0313ffff,0,0,0,0,0,0,0,0,0,0
891e15b0317ffff,0,0,0,0,0,0,0,0,0,0
891e15b031bffff,0,0,0,0,0,0,0,0,0,0
891e15b0323ffff,0,0,0,0,0,0,0,0,0,0
891e15b0327ffff,0,0,0,0,0,0,0,0,0,0
891e15b032bffff,0,0,0,0,0,0,0,0,0,0
891e15b032fffff,0,0,0,0,0,0,0,0,0,0
891e15b0333ffff,0,0,0,0,0,0,0,0,0,0
891e15b0337ffff,0,0,0,0,0,0,0,0,0,0
891e15b033bffff,0,0,0,0,0,0,0,0,0,0
891e15b0363ffff,0,0,0,0,0,0,0,0,0,0
891e15b0367ffff,0,0,0,0,0,0,0,0,0,0
891e15b036fffff,0,0,0,0,0,0,0,0,0,0
891e15b0373ffff,0,0,0,0,0,0,0,0,0,0
891e15b0377ffff,0,0,0,0,0,0,0,0,0,0
891e15b0383ffff,0,0,0,0,0,0,0,0,0,0
891e15b0387ffff,0,0,0,0,0,0,0,0,0,0
891e15b038bffff,0,0,0,0,0,0,0,0,0,0
891e15b038fffff,0,0,0,0,0,0,0,0,0,0
891e15b0397ffff,0,0,0,0,0,0,0,0,0,0
891e15b03a3ffff,0,0,0,0,0,0,0,0,0,0
891e15b03a7ffff,0,0,0,0,0,0,0,0,0,0
891e15b03abffff,0,0,0,0,0,0,0,0,0,0
891e15b03afffff,0,0,0,0,0,0,0,0,0,0
891e15b03b3ffff,0,0,0,0,0,0,0,0,0,0
891e15b03b7ffff,0,0,0,0,0,0,0,0,0,0
891e15b03bbffff,0,0,0,0,0,0,0,0,0,0
891e15b03c7ffff,0,0,0,0,0,0,0,0,0,0
891e15b03cfffff,0,0,0,0,0,0,0,0,0,0
891e15b0523ffff,0,0,0,0,0,0,0,0,0,0
891e15b0527ffff,0,0,0,0,0,0,0,0,0,0
891e15b052fffff,0,0,0,0,0,0,0,0,0,0
891e15b0537ffff,0,0,1,1,1,1,1,1,1,2
891e15b05a7ffff,0,0,0,0,0,0,0,0,0,0
891e15b05b3ffff,0,0,0,0,0,0,0,0,0,0
891e15b05b7ffff,0,0,0,0,0,0,0,0,0,0
891e15b0803ffff,0,0,0,0,0,0,0,0,0,0
891e15b0807ffff,0,0,0,0,0,0,0,0,0,0
891e15b080bffff,1,1,1,1,1,1,1,1,1,1
891e15b080fffff,0,0,0,0,0,0,0,0,0,0
891e15b0813ffff,1,0,1,1,0,0,0,0,0,0
891e15b0817ffff,1,0,0,0,0,0,0,0,0,0
891e15b081bffff,0,0,0,0,0,1,1,0,0,0
891e15b0823ffff,0,0,0,0,0,0,0,0,0,0
891e15b0827ffff,0,0,0,1,2,1,1,1,1,1
891e15b082bffff,0,0,0,1,0,0,0,0,0,0
891e15b082fffff,0,0,0,0,0,0,0,0,0,0
891e15b0833ffff,0,0,0,0,0,0,0,0,0,0
891e15b0837ffff,0,1,0,0,0,0,0,0,0,0
891e15b083bffff,0,0,0,0,1,1,1,0,0,0
891e15b0843ffff,0,0,0,0,0,0,0,0,0,0
891e15b0847ffff,0,0,0,0,0,0,0,0,0,0
891e15b084bffff,0,0,0,0,0,0,0,0,0,0
891e15b084fffff,0,0,0,0,0,0,0,0,0,0
891e15b0853ffff,0,0,0,0,0,0,0,0,0,0
891e15b0857ffff,0,0,0,0,0,0,0,0,0,0
891e15b085bffff,0,0,0,0,0,0,0,0,0,0
891e15b0863ffff,0,0,1,0,2,1,1,1,1,1
891e15b0867ffff,1,1,2,2,1,0,0,0,0,0
891e15b086bffff,0,0,1,1,1,2,1,1,2,1
891e15b086fffff,0,0,0,0,0,0,0,0,0,0
891e15b0873ffff,0,0,0,0,0,0,1,1,1,0
891e15b0877ffff,1,1,3,3,2,2,2,1,1,1
891e15b087bffff,0,0,0,0,0,0,0,0,0,1
891e15b0883ffff,0,0,0,0,0,0,0,0,0,0
891e15b0887ffff,1,1,2,1,3,2,1,1,1,0
891e15b088bffff,0,0,0,0,0,0,0,0,0,0
891e15b088fffff,0,0,0,0,0,0,0,1,1,0
891e15b0893ffff,0,0,0,0,0,0,0,0,0,0
891e15b0897ffff,2,1,0,1,0,0,0,0,0,0
891e15b089bffff,0,0,0,0,0,0,0,0,0,0
891e15b08a3ffff,1,1,0,0,0,0,1,2,1,1
891e15b08a7ffff,0,0,0,0,0,1,0,1,1,1
891e15b08abffff,0,0,0,0,0,0,0,0,0,0
891e15b08afffff,0,0,0,0,0,0,0,0,0,0
891e15b08b3ffff,0,1,2,2,1,1,1,2,1,1
891e15b08b7ffff,0,1,1,0,0,0,0,0,0,0
891e15b08bbffff,1,2,4,3,2,2,2,2,3,0
891e15b08c3ffff,0,0,0,0,0,0,0,0,0,0
891e15b08c7ffff,0,0,0,0,0,0,0,0,0,0
891e15b08cbffff,0,0,0,0,0,0,0,0,0,0
891e15b08cfffff,0,0,0,0,0,0,0,0,0,0
891e15b08d3ffff,0,0,0,0,0,0,0,0,0,0
891e15b08d7ffff,0,0,0,0,0,0,0,0,0,0
891e15b08dbffff,0,0,0,0,0,0,0,0,0,0
891e15b0903ffff,0,0,0,0,1,4,3,6,0,0
891e15b0907ffff,1,1,1,0,1,1,0,1,1,1
891e15b090bffff,1,0,2,1,1,1,1,4,2,3
891e15b090fffff,0,0,0,0,1,0,0,1,1,2
891e15b0913ffff,0,0,0,0,0,0,0,0,0,0
891e15b0917ffff,0,0,0,1,1,1,0,0,0,0
891e15b091bffff,0,1,1,1,1,1,1,1,2,1
891e15b0923ffff,0,0,1,1,0,1,2,2,2,1
891e15b0927ffff,2,0,0,0,1,1,1,1,4,4
891e15b092bffff,0,0,0,2,1,1,3,1,1,1
891e15b092fffff,0,0,0,0,1,1,1,2,1,3
891e15b0933ffff,0,0,0,0,0,0,0,0,0,0
891e15b0937ffff,0,0,0,2,1,1,4,3,2,3
891e15b093bffff,2,1,1,1,1,1,1,2,1,1
891e15b0943ffff,0,0,0,0,0,1,0,0,1,0
891e15b0947ffff,0,0,0,0,0,0,0,0,1,1
891e15b094bffff,0,0,1,1,0,0,0,0,0,1
891e15b094fffff,0,0,0,0,0,1,0,0,0,0
891e15b0953ffff,1,2,1,1,1,1,1,2,2,0
891e15b0957ffff,0,0,0,0,0,0,1,1,2,0
891e15b095bffff,1,1,1,1,1,1,1,1,1,0
891e15b0963ffff,0,0,0,0,0,0,0,0,1,1
891e15b0967ffff,0,0,0,1,2,1,1,2,2,1
891e15b096bffff,0,0,0,0,0,0,0,0,0,0
891e15b096fffff,0,0,0,3,3,2,0,0,0,0
891e15b0973ffff,0,0,0,0,0,0,0,0,0,0
891e15b0977ffff,0,0,2,2,2,1,2,2,2,4
891e15b097bffff,0,0,0,0,0,0,0,0,0,0
891e15b0983ffff,0,1,0,0,1,1,1,1,2,1
891e15b0987ffff,1,1,3,5,2,2,1,2,2,1
891e15b098bffff,0,0,0,0,0,0,0,0,0,0
891e15b098fffff,0,0,0,0,0,0,0,0,0,0
891e15b0993ffff,1,2,3,2,2,1,1,2,3,3
891e15b0997ffff,2,3,2,4,6,6,11,12,13,10
891e15b099bffff,1,1,1,1,0,0,1,1,1,0
891e15b09a3ffff,0,0,0,0,0,0,0,0,0,0
891e15b09a7ffff,0,0,0,0,0,0,0,0,0,0
891e15b09abffff,0,0,0,0,0,0,0,0,0,0
891e15b09afffff,0,0,0,0,0,0,0,0,0,0
891e15b09b3ffff,0,0,0,0,0,0,0,0,0,0
891e15b09b7ffff,0,0,0,0,0,0,0,0,0,0
891e15b09bbffff,0,0,0,0,0,0,0,0,0,0
891e15b09c3ffff,1,1,0,1,1,1,1,3,4,4
891e15b09c7ffff,2,2,3,2,1,1,0,0,0,0
891e15b09cbffff,0,2,2,2,3,3,3,2,1,0
891e15b09cfffff,2,2,2,1,2,2,2,3,2,0
891e15b09d3ffff,1,1,2,1,1,2,1,1,1,1
891e15b09d7ffff,1,0,0,1,2,0,0,0,0,0
891e15b09dbffff,0,0,1,0,0,0,0,0,0,0
891e15b0a03ffff,0,0,0,0,0,0,0,0,0,0
891e15b0a07ffff,0,0,0,0,0,0,0,0,0,0
891e15b0a0bffff,0,0,0,0,0,0,0,0,0,0
891e15b0a0fffff,0,0,0,0,0,0,0,0,0,0
891e15b0a13ffff,0,0,0,0,0,0,0,0,0,0
891e15b0a17ffff,0,0,0,0,0,0,0,0,0,0
891e15b0a1bffff,0,0,0,0,0,0,0,0,0,0
891e15b0a23ffff,0,0,0,0,0,0,0,0,0,0
891e15b0a27ffff,1,0,0,0,0,0,0,0,0,0
891e15b0a2bffff,0,0,0,0,0,0,0,0,0,0
891e15b0a2fffff,0,0,0,0,0,0,0,0,0,0
891e15b0a33ffff,0,0,0,0,0,0,0,0,0,0
891e15b0a37ffff,0,0,0,0,0,0,0,0,0,0
891e15b0a3bffff,0,0,0,0,0,0,0,0,0,0
891e15b0a43ffff,0,0,0,0,0,0,0,0,0,0
891e15b0a47ffff,0,0,0,0,0,0,0,0,0,0
891e15b0a4bffff,0,0,0,0,0,0,0,0,0,0
891e15b0a4fffff,0,0,0,0,0,0,0,0,0,0
891e15b0a53ffff,0,0,0,0,0,0,0,0,0,0
891e15b0a57ffff,0,0,0,0,0,0,0,0,0,0
891e15b0a5bffff,0,0,0,0,0,0,0,0,0,0
891e15b0a63ffff,0,0,0,0,0,0,0,0,0,0
891e15b0a67ffff,0,0,0,0,0,0,0,0,0,0
891e15b0a6bffff,0,0,0,0,0,0,0,0,0,0
891e15b0a6fffff,0,0,0,0,0,0,0,0,0,0
891e15b0a73ffff,0,0,0,0,0,0,0,0,0,0
891e15b0a77ffff,0,0,0,0,0,0,0,0,0,0
891e15b0a7bffff,0,0,0,0,0,0,0,0,0,0
891e15b0a83ffff,0,0,0,0,0,0,0,0,0,0
891e15b0a87ffff,0,0,0,0,0,0,0,0,0,0
891e15b0a8bffff,0,0,0,0,0,0,0,0,0,0
891e15b0a8fffff,0,0,0,0,0,0,0,0,0,0
891e15b0a93ffff,0,0,0,0,0,0,0,0,0,0
891e15b0a97ffff,0,0,0,0,0,0,0,0,0,0
891e15b0a9bffff,0,0,0,0,0,0,0,0,0,0
891e15b0aa3ffff,0,0,0,0,0,0,0,0,0,0
891e15b0aa7ffff,0,0,0,0,0,0,0,0,0,0
891e15b0aabffff,0,0,0,0,0,0,0,0,0,0
891e15b0aafffff,0,0,0,0,0,0,0,0,0,0
891e15b0ab3ffff,0,0,0,0,0,0,0,0,0,0
891e15b0ab7ffff,0,1,1,2,2,2,2,1,1,0
891e15b0abbffff,0,0,0,0,0,0,0,0,0,0
891e15b0ac3ffff,0,0,0,0,0,0,0,0,0,0
891e15b0ac7ffff,0,0,0,0,0,0,0,0,0,0
891e15b0acbffff,0,0,0,0,0,0,0,0,0,0
891e15b0acfffff,0,0,0,0,0,0,0,0,0,0
891e15b0ad3ffff,0,0,0,0,0,0,0,0,0,0
891e15b0ad7ffff,0,0,0,0,0,0,0,0,0,0
891e15b0adbffff,0,0,0,0,0,0,0,0,0,0
891e15b0b03ffff,0,0,0,0,0,0,1,1,0,0
891e15b0b07ffff,0,0,0,0,0,0,0,0,0,0
891e15b0b0bffff,0,0,0,0,1,2,2,1,1,2
891e15b0b0fffff,0,0,0,0,0,0,0,0,0,0
891e15b0b13ffff,0,0,1,1,0,0,0,0,0,0
891e15b0b17ffff,0,0,0,0,0,0,0,0,0,0
891e15b0b1bffff,0,0,0,0,0,0,1,0,0,0
891e15b0b23ffff,0,0,0,0,0,0,0,0,0,0
891e15b0b27ffff,0,0,0,0,0,0,0,0,0,0
891e15b0b2bffff,0,0,0,0,0,1,0,0,0,0
891e15b0b2fffff,0,0,0,0,0,0,0,0,1,1
891e15b0b33ffff,0,0,1,1,0,0,4,4,4,4
891e15b0b37ffff,0,0,0,0,0,0,0,0,0,0
891e15b0b3bffff,0,0,1,0,0,0,0,1,1,1
891e15b0b43ffff,0,0,0,0,0,0,0,0,0,0
891e15b0b47ffff,0,0,1,1,0,0,0,0,0,0
891e15b0b4bffff,0,0,0,0,1,0,0,0,0,0
891e15b0b4fffff,0,0,0,0,0,0,0,0,0,0
891e15b0b53ffff,0,0,0,0,0,0,0,0,0,0
891e15b0b57ffff,0,0,0,0,0,0,0,0,0,0
891e15b0b5bffff,0,0,0,0,0,0,0,0,0,0
891e15b0b63ffff,1,1,0,1,1,1,1,1,1,0
891e15b0b67ffff,0,0,0,1,2,0,1,1,1,2
891e15b0b6bffff,0,0,0,0,0,0,0,0,0,0
891e15b0b6fffff,0,0,0,0,0,0,0,1,0,0
891e15b0b73ffff,0,0,0,0,0,0,0,0,1,2
891e15b0b77ffff,0,0,0,0,0,0,0,1,1,1
891e15b0b7bffff,1,2,1,1,0,0,0,0,0,0
891e15b0b83ffff,0,0,0,0,1,1,1,1,1,1
891e15b0b87ffff,0,0,1,1,1,1,0,0,0,0
891e15b0b8bffff,0,0,0,1,0,0,0,0,0,1
891e15b0b8fffff,0,0,0,0,1,1,1,1,1,1
891e15b0b93ffff,0,0,0,0,0,0,0,0,0,0
891e15b0b97ffff,0,1,1,1,1,1,0,0,0,0
891e15b0b9bffff,0,0,0,0,0,0,0,0,0,0
891e15b0ba3ffff,0,0,0,0,0,0,0,0,0,0
891e15b0ba7ffff,0,0,0,0,0,0,1,3,0,0
891e15b0babffff,0,0,0,0,0,0,0,0,0,0
891e15b0bafffff,0,0,0,0,0,0,1,1,1,1
891e15b0bb3ffff,0,0,0,0,0,0,0,0,0,0
891e15b0bb7ffff,0,0,0,0,0,1,1,1,1,1
891e15b0bbbffff,0,0,0,0,0,0,0,0,0,0
891e15b0bc3ffff,0,0,0,0,0,0,0,0,0,0
891e15b0bc7ffff,0,0,0,0,0,0,0,0,0,0
891e15b0bcbffff,0,0,0,0,0,1,1,0,0,0
891e15b0bcfffff,0,0,0,0,0,0,0,0,0,0
891e15b0bd3ffff,0,0,0,0,0,0,0,0,0,0
891e15b0bd7ffff,0,0,0,0,0,0,0,0,0,0
891e15b0bdbffff,0,0,0,0,0,0,0,0,0,0
891e15b0c03ffff,0,0,0,0,0,0,0,0,0,0
891e15b0c07ffff,0,0,0,0,0,0,0,0,0,0
891e15b0c0bffff,0,0,0,0,0,0,0,0,0,0
891e15b0c0fffff,0,0,0,0,0,0,0,0,0,0
891e15b0c13ffff,0,0,0,0,0,0,0,0,0,0
891e15b0c17ffff,0,0,0,0,0,0,0,0,0,0
891e15b0c1bffff,0,0,0,0,0,0,0,0,0,0
891e15b0c23ffff,0,0,0,0,0,0,0,0,0,0
891e15b0c27ffff,0,0,0,0,0,0,0,1,1,0
891e15b0c2bffff,0,1,1,0,0,0,0,0,0,0
891e15b0c2fffff,0,0,0,0,0,0,0,0,0,0
891e15b0c33ffff,0,0,0,0,0,0,0,0,0,0
891e15b0c37ffff,0,0,0,0,1,1,0,0,1,0
891e15b0c3bffff,0,0,0,0,0,0,0,0,0,0
891e15b0c43ffff,0,0,0,0,0,0,0,0,0,0
891e15b0c47ffff,0,0,0,0,0,0,0,0,0,0
891e15b0c4bffff,0,0,0,0,0,0,0,0,0,0
891e15b0c4fffff,0,0,0,0,0,0,0,0,0,0
891e15b0c53ffff,0,0,0,0,0,0,0,0,0,0
891e15b0c57ffff,0,0,0,0,0,0,0,0,0,0
891e15b0c5bffff,0,0,0,0,0,0,0,0,0,0
891e15b0c63ffff,0,0,0,0,0,0,0,0,0,0
891e15b0c67ffff,0,0,0,0,0,0,0,0,0,0
891e15b0c6bffff,0,0,0,0,0,0,0,0,0,0
891e15b0c6fffff,0,0,0,0,0,0,0,0,0,0
891e15b0c73ffff,0,0,0,0,0,0,0,0,0,0
891e15b0c77ffff,0,0,0,0,0,0,0,0,0,0
891e15b0c7bffff,0,0,0,0,0,0,0,0,0,0
891e15b0c83ffff,0,0,0,0,0,0,0,0,0,0
891e15b0c87ffff,0,0,0,0,0,0,0,0,0,0
891e15b0c8bffff,0,0,0,0,0,0,0,0,0,0
891e15b0c8fffff,0,0,0,0,0,0,0,0,0,0
891e15b0c93ffff,0,0,0,0,0,0,0,0,0,0
891e15b0c97ffff,0,0,0,0,0,0,0,0,0,0
891e15b0c9bffff,0,0,0,0,0,0,0,0,0,0
891e15b0ca3ffff,0,0,0,0,1,1,1,1,1,1
891e15b0ca7ffff,0,0,0,0,0,0,0,0,0,0
891e15b0cabffff,0,0,0,0,0,0,0,0,0,0
891e15b0cafffff,0,0,0,0,0,1,1,1,1,1
891e15b0cb3ffff,1,0,0,1,1,0,0,0,0,0
891e15b0cb7ffff,1,1,2,1,0,0,1,1,1,1
891e15b0cbbffff,0,0,0,0,0,0,0,0,0,0
891e15b0cc3ffff,0,0,0,0,0,0,0,0,0,0
891e15b0cc7ffff,0,0,0,0,0,0,0,0,0,0
891e15b0ccbffff,0,0,0,0,0,0,0,0,0,0
891e15b0ccfffff,0,0,0,0,0,0,0,0,0,0
891e15b0cd3ffff,0,0,0,0,0,0,0,0,0,0
891e15b0cd7ffff,0,0,0,0,0,0,0,0,0,0
891e15b0cdbffff,0,0,0,0,0,0,0,0,0,0
891e15b0d03ffff,1,2,1,2,2,1,3,3,4,1
891e15b0d07ffff,2,0,1,3,4,3,2,4,3,3
891e15b0d0bffff,4,3,3,4,3,3,2,3,2,3
891e15b0d0fffff,2,1,2,2,3,3,3,3,2,2
891e15b0d13ffff,2,2,1,1,0,1,0,1,1,1
891e15b0d17ffff,1,1,3,3,2,2,4,2,3,5
891e15b0d1bffff,6,6,7,7,6,5,5,3,3,3
891e15b0d23ffff,2,1,9,11,11,10,9,9,12,9
891e15b0d27ffff,2,2,9,11,10,11,12,10,10,11
891e15b0d2bffff,0,0,0,0,0,0,0,1,2,1
891e15b0d2fffff,2,3,3,1,3,2,2,2,1,2
891e15b0d33ffff,1,2,2,2,2,1,0,1,1,1
891e15b0d37ffff,3,6,8,6,5,4,5,7,4,5
891e15b0d3bffff,4,4,6,10,5,2,4,2,3,2
891e15b0d43ffff,0,0,0,0,0,0,0,0,1,0
891e15b0d47ffff,1,1,1,0,0,0,0,0,0,0
891e15b0d4bffff,0,1,1,1,1,1,1,1,1,1
891e15b0d4fffff,0,0,0,0,0,0,0,0,0,0
891e15b0d53ffff,1,4,3,0,1,2,3,3,2,2
891e15b0d57ffff,2,2,3,2,5,4,3,1,1,0
891e15b0d5bffff,0,0,0,0,0,0,0,0,0,0
891e15b0d63ffff,0,0,1,1,0,0,0,0,1,1
891e15b0d67ffff,1,1,1,0,0,0,0,0,0,0
891e15b0d6bffff,1,1,0,0,0,0,0,0,0,0
891e15b0d6fffff,1,0,1,1,0,0,1,2,1,0
891e15b0d73ffff,1,2,2,2,1,1,1,2,2,1
891e15b0d77ffff,3,3,4,2,2,2,1,1,1,1
891e15b0d7bffff,0,0,0,0,1,1,1,1,1,1
891e15b0d83ffff,2,1,0,1,2,2,2,4,4,3
891e15b0d87ffff,1,2,2,2,1,1,1,7,2,8
891e15b0d8bffff,3,2,1,1,0,0,0,0,1,1
891e15b0d8fffff,4,4,5,3,2,2,3,8,13,7
891e15b0d93ffff,0,0,0,0,0,0,0,0,0,0
891e15b0d97ffff,1,1,1,0,1,1,1,1,0,0
891e15b0d9bffff,0,0,0,0,0,1,2,1,0,0
891e15b0da3ffff,13,11,11,11,8,7,10,12,14,17
891e15b0da7ffff,3,3,3,3,4,5,4,7,7,3
891e15b0dabffff,1,1,3,4,4,5,5,6,7,2
891e15b0dafffff,0,3,4,4,4,4,5,7,9,5
891e15b0db3ffff,2,2,1,1,0,1,2,2,2,3
891e15b0db7ffff,0,0,0,0,0,1,0,0,1,0
891e15b0dbbffff,2,3,4,4,4,1,2,3,1,5
891e15b0dc3ffff,1,0,0,0,1,1,2,3,1,1
891e15b0dc7ffff,0,0,2,2,1,0,0,0,0,0
891e15b0dcbffff,0,0,0,0,0,1,0,0,0,0
891e15b0dcfffff,4,10,11,13,10,11,14,14,14,12
891e15b0dd3ffff,0,0,0,0,0,0,0,0,0,0
891e15b0dd7ffff,0,0,0,0,0,0,0,0,0,0
891e15b0ddbffff,0,0,0,0,1,1,0,0,1,1
891e15b0e03ffff,0,0,0,0,0,0,0,0,0,0
891e15b0e07ffff,0,0,0,0,0,0,0,0,0,0
891e15b0e0bffff,0,0,0,0,0,0,0,0,0,0
891e15b0e0fffff,0,0,0,0,0,0,0,0,0,0
891e15b0e13ffff,0,0,0,0,0,0,0,0,0,0
891e15b0e17ffff,0,0,0,0,0,0,0,0,0,0
891e15b0e1bffff,0,0,0,0,0,0,0,0,0,0
891e15b0e23ffff,0,0,0,0,0,0,0,0,0,0
891e15b0e27ffff,0,0,0,0,0,0,0,0,0,0
891e15b0e2bffff,0,0,0,0,0,0,0,0,0,0
891e15b0e2fffff,0,0,0,0,0,0,0,0,0,0
891e15b0e33ffff,0,0,0,0,0,0,0,0,0,0
891e15b0e37ffff,0,0,0,0,0,0,0,0,0,0
891e15b0e3bffff,0,0,0,0,0,0,0,0,0,0
891e15b0e43ffff,0,0,0,0,0,0,0,0,0,0
891e15b0e47ffff,0,0,0,0,0,0,0,0,0,0
891e15b0e4bffff,0,0,0,0,0,0,0,0,0,0
891e15b0e4fffff,0,0,0,0,0,0,0,0,0,0
891e15b0e53ffff,0,0,0,0,0,0,0,0,0,0
891e15b0e57ffff,0,0,0,0,0,0,0,0,0,0
891e15b0e5bffff,0,0,0,0,0,0,0,0,0,0
891e15b0e63ffff,0,0,0,0,0,0,0,0,0,0
891e15b0e67ffff,0,0,0,0,0,0,0,0,0,0
891e15b0e6bffff,0,0,0,0,0,0,0,0,0,0
891e15b0e6fffff,0,0,0,0,0,0,0,0,0,0
891e15b0e73ffff,0,0,0,0,0,0,0,0,0,0
891e15b0e77ffff,0,0,0,0,0,0,0,0,0,0
891e15b0e7bffff,0,0,0,0,0,0,0,0,0,0
891e15b0e83ffff,0,0,0,0,0,0,0,0,0,0
891e15b0e87ffff,0,0,0,0,0,0,0,0,0,0
891e15b0e8bffff,0,0,0,0,0,0,0,0,0,0
891e15b0e8fffff,0,0,0,0,0,0,0,0,0,0
891e15b0e93ffff,0,0,0,0,0,0,0,0,0,0
891e15b0e97ffff,0,0,0,0,0,0,0,0,0,0
891e15b0e9bffff,0,0,0,0,0,0,0,0,0,0
891e15b0ea3ffff,0,0,0,0,0,0,0,0,0,0
891e15b0ea7ffff,0,0,0,0,0,0,0,0,0,0
891e15b0eabffff,0,0,0,0,0,0,0,0,0,0
891e15b0eafffff,0,0,0,0,0,0,0,0,0,0
891e15b0eb3ffff,0,0,0,0,0,0,0,0,0,0
891e15b0eb7ffff,0,0,0,0,0,0,0,0,0,0
891e15b0ebbffff,0,0,0,0,0,0,0,0,0,0
891e15b0ec3ffff,0,0,0,0,0,0,0,0,0,0
891e15b0ec7ffff,0,0,0,0,0,0,0,0,0,0
891e15b0ecbffff,0,0,0,0,0,0,0,0,0,0
891e15b0ecfffff,0,0,0,0,0,0,0,0,0,0
891e15b0ed3ffff,0,0,0,0,0,0,0,0,0,0
891e15b0ed7ffff,0,0,0,0,0,0,0,0,0,0
891e15b0edbffff,0,0,0,0,0,0,0,0,0,0
891e15b1913ffff,0,0,0,0,0,0,0,0,0,0
891e15b1917ffff,0,0,0,0,0,0,0,0,0,0
891e15b1923ffff,0,0,0,0,0,0,0,0,0,0
891e15b1927ffff,0,0,0,0,0,0,0,0,1,1
891e15b1933ffff,0,0,0,0,0,0,0,0,0,0
891e15b1937ffff,0,0,0,0,1,0,1,1,1,1
891e15b1947ffff,0,0,0,0,0,0,0,0,0,0
891e15b194bffff,0,0,0,0,0,0,0,0,0,0
891e15b194fffff,0,0,0,0,0,0,0,0,0,0
891e15b1973ffff,0,0,0,0,0,0,0,0,0,0
891e15b1983ffff,0,0,0,0,0,0,0,0,0,0
891e15b1987ffff,0,0,0,0,0,0,0,0,0,0
891e15b198bffff,0,0,0,0,0,0,0,0,0,0
891e15b198fffff,0,0,0,0,0,0,0,0,0,0
891e15b1993ffff,0,0,0,0,0,0,0,0,0,0
891e15b1997ffff,0,0,0,0,0,0,0,0,0,0
891e15b199bffff,0,0,0,0,0,0,0,0,0,0
891e15b19a3ffff,0,0,0,0,1,1,0,0,0,0
891e15b19a7ffff,0,0,0,0,0,0,0,0,1,1
891e15b19abffff,0,0,0,0,0,0,0,0,0,0
891e15b19afffff,1,1,1,1,0,0,0,0,1,1
891e15b19b3ffff,0,0,0,0,0,0,0,0,0,0
891e15b19b7ffff,0,0,0,0,0,0,0,0,0,0
891e15b19bbffff,0,0,0,0,0,0,0,0,0,0
891e15b19c7ffff,0,0,0,0,0,0,0,0,1,1
891e15b19d7ffff,0,0,0,0,0,0,0,0,0,0
891e15b1d0fffff,0,0,0,0,0,0,0,0,0,0
891e15b1d17ffff,0,0,0,0,0,0,0,0,0,0
891e15b1d23ffff,0,0,0,0,0,0,0,0,0,0
891e15b1d27ffff,0,0,0,0,0,0,0,0,0,0
891e15b1d2bffff,0,0,0,0,0,0,0,0,0,0
891e15b1d2fffff,0,0,0,0,0,0,0,0,0,0
891e15b1d37ffff,0,0,0,0,0,0,0,0,0,0
891e15b1d3bffff,0,0,0,0,0,0,0,0,0,0
891e15b1d63ffff,0,0,0,0,0,0,0,0,0,0
891e15b1d67ffff,0,0,0,0,0,0,0,0,0,0
891e15b1d6fffff,0,0,0,0,0,0,0,0,0,0
891e15b1d73ffff,0,0,0,0,0,0,0,0,0,0
891e15b1d77ffff,0,0,0,0,0,0,0,0,0,0
891e15b1d83ffff,0,0,0,0,0,0,0,0,0,0
891e15b1d87ffff,0,0,0,0,0,0,0,0,0,0
891e15b1d8bffff,0,0,0,0,0,0,0,0,0,0
891e15b1d8fffff,0,0,0,0,0,0,0,0,0,0
891e15b1d93ffff,0,0,0,0,0,0,0,0,0,0
891e15b1d97ffff,0,0,0,0,0,0,0,0,0,0
891e15b1d9bffff,0,0,0,0,0,0,0,0,0,0
891e15b1da3ffff,0,0,0,0,0,0,0,0,0,0
891e15b1da7ffff,0,0,0,0,0,0,0,0,0,0
891e15b1dabffff,0,0,0,0,0,0,0,0,0,0
891e15b1dafffff,0,0,0,0,0,0,0,0,0,0
891e15b1db3ffff,0,0,0,0,0,0,0,0,0,0
891e15b1db7ffff,0,0,0,0,0,0,0,0,0,0
891e15b1dbbffff,0,0,0,0,0,0,0,0,0,0
891e15b1dd3ffff,0,0,0,0,0,0,0,0,0,0
891e15b1dd7ffff,0,0,0,0,0,0,0,0,0,0
891e15b2107ffff,0,0,0,0,0,0,0,0,0,0
891e15b210fffff,0,0,0,0,0,0,0,0,0,0
891e15b2117ffff,0,0,0,0,0,0,0,0,0,0
891e15b2123ffff,0,0,0,0,0,0,0,0,0,0
891e15b2127ffff,0,0,0,0,0,0,0,0,0,0
891e15b212bffff,0,0,0,0,0,0,0,0,0,0
891e15b212fffff,0,0,0,0,0,0,0,0,0,0
891e15b2133ffff,0,0,0,0,0,0,0,0,0,0
891e15b2137ffff,0,0,0,0,0,0,0,0,0,0
891e15b213bffff,0,0,0,0,0,0,0,0,0,0
891e15b2163ffff,0,0,0,0,0,0,0,0,0,0
891e15b2167ffff,0,0,0,0,0,0,0,0,0,0
891e15b216fffff,0,0,0,0,0,0,0,0,0,0
891e15b2177ffff,0,0,0,0,0,0,0,0,0,0
891e15b21a3ffff,0,0,0,0,0,0,0,0,0,0
891e15b21a7ffff,0,0,0,0,0,0,0,0,0,0
891e15b21abffff,0,0,0,0,0,0,0,0,0,0
891e15b21afffff,0,0,0,0,0,0,0,0,0,0
891e15b21b3ffff,0,0,0,0,0,0,0,0,0,0
891e15b21b7ffff,0,0,0,0,0,0,0,0,0,0
891e15b21bbffff,0,0,0,0,0,0,0,0,0,0
891e15b2337ffff,0,0,0,0,0,0,0,0,0,0
891e15b2803ffff,0,0,0,0,0,0,0,0,0,0
891e15b2807ffff,0,0,0,0,0,0,0,0,0,0
891e15b280bffff,0,0,0,0,1,1,1,1,1,1
891e15b280fffff,0,0,0,0,0,0,0,0,0,0
891e15b2813ffff,0,0,0,0,0,0,0,0,0,0
891e15b2817ffff,0,0,0,0,0,0,0,0,0,0
891e15b281bffff,0,0,0,0,0,0,0,0,0,0
891e15b2823ffff,0,0,0,0,0,0,0,0,0,0
891e15b2827ffff,0,0,0,0,0,0,0,0,0,0
891e15b282bffff,0,0,0,0,0,0,0,0,0,0
891e15b282fffff,0,0,0,0,0,0,0,0,0,0
891e15b2833ffff,0,0,0,0,0,0,0,0,0,0
891e15b2837ffff,0,0,0,0,0,0,0,0,0,0
891e15b283bffff,0,0,0,0,0,0,0,0,0,0
891e15b2843ffff,0,0,0,0,0,0,0,0,0,0
891e15b2847ffff,0,0,0,0,0,0,0,0,0,0
891e15b284bffff,0,0,0,0,0,0,0,0,0,0
891e15b284fffff,0,0,0,0,0,0,0,0,0,0
891e15b2853ffff,0,0,0,0,0,0,0,0,0,0
891e15b2857ffff,0,0,0,0,0,0,0,0,0,0
891e15b285bffff,0,0,2,1,1,0,0,0,0,0
891e15b2863ffff,0,0,0,1,0,1,0,0,0,0
891e15b2867ffff,2,0,0,0,0,0,0,0,0,0
891e15b286bffff,0,0,0,0,0,0,0,0,0,0
891e15b286fffff,0,0,0,0,0,0,0,0,0,0
891e15b2873ffff,0,1,1,1,0,0,0,0,0,0
891e15b2877ffff,0,0,0,0,0,0,0,0,0,0
891e15b287bffff,0,0,0,0,1,2,0,0,0,0
891e15b2883ffff,0,0,0,0,0,0,0,0,0,0
891e15b2887ffff,0,0,0,0,0,0,0,0,0,0
891e15b288bffff,0,0,0,0,0,0,0,0,0,0
891e15b288fffff,0,0,0,0,0,0,0,0,0,0
891e15b2893ffff,0,0,0,0,0,0,0,0,0,0
891e15b2897ffff,0,0,0,0,0,0,0,0,0,0
891e15b289bffff,0,0,0,0,0,0,0,0,0,0
891e15b28a3ffff,0,0,0,0,0,0,0,0,0,0
891e15b28a7ffff,0,0,0,0,0,0,0,0,0,0
891e15b28abffff,0,0,0,0,0,0,0,0,0,0
891e15b28afffff,0,0,0,0,0,0,0,0,0,0
891e15b28b3ffff,0,0,0,0,0,0,0,0,0,0
891e15b28b7ffff,0,0,0,0,0,0,0,0,0,0
891e15b28bbffff,0,0,0,0,0,0,0,0,0,0
891e15b28c3ffff,0,0,0,0,0,0,0,0,0,0
891e15b28c7ffff,0,0,0,0,0,0,0,0,0,0
891e15b28cbffff,0,0,0,0,0,0,0,0,0,0
891e15b28cfffff,0,0,0,0,0,0,0,0,0,0
891e15b28d3ffff,0,0,0,0,0,0,0,0,0,0
891e15b28d7ffff,0,0,0,0,0,0,0,0,0,0
891e15b28dbffff,0,0,0,0,0,0,0,0,0,0
891e15b2903ffff,0,0,0,0,0,0,0,0,0,0
891e15b2907ffff,0,0,0,3,3,2,1,0,2,1
891e15b290bffff,0,0,0,0,0,0,0,0,0,0
891e15b290fffff,0,0,0,0,0,0,0,0,0,0
891e15b2913ffff,0,0,0,0,0,0,0,0,0,0
891e15b2917ffff,0,0,0,0,0,0,1,1,1,2
891e15b291bffff,0,0,0,0,0,0,0,0,0,0
891e15b2923ffff,1,1,0,0,0,0,1,0,0,0
891e15b2927ffff,0,0,0,0,0,0,0,0,0,0
891e15b292bffff,0,0,1,1,0,0,0,0,0,1
891e15b292fffff,0,0,0,0,0,0,0,0,0,0
891e15b2933ffff,0,0,0,0,0,0,0,0,0,0
891e15b2937ffff,1,1,1,1,0,0,0,1,1,0
891e15b293bffff,0,0,0,0,0,0,0,1,1,2
891e15b2943ffff,0,0,0,0,0,0,0,0,0,0
891e15b2947ffff,0,0,0,0,0,0,0,0,0,0
891e15b294bffff,0,0,0,0,0,0,0,0,0,0
891e15b294fffff,0,0,0,0,0,0,0,0,0,0
891e15b2953ffff,0,0,0,0,0,0,0,0,0,0
891e15b2957ffff,0,0,0,0,0,0,0,0,0,0
891e15b295bffff,0,0,0,0,0,0,0,0,0,0
891e15b2963ffff,0,0,0,0,0,0,0,0,0,0
891e15b2967ffff,0,0,0,0,0,0,0,0,0,0
891e15b296bffff,0,0,0,0,0,0,0,0,0,0
891e15b296fffff,0,0,0,0,0,0,0,0,0,0
891e15b2973ffff,0,0,0,0,0,0,0,0,0,0
891e15b2977ffff,0,0,0,0,0,0,0,0,0,0
891e15b297bffff,0,0,0,0,0,0,0,0,0,0
891e15b2983ffff,0,0,0,0,0,0,0,0,0,0
891e15b2987ffff,0,0,0,0,0,0,0,0,0,0
891e15b298bffff,0,0,0,0,0,0,0,0,0,0
891e15b298fffff,0,0,0,0,0,0,0,0,0,0
891e15b2993ffff,0,0,0,0,0,0,0,0,0,0
891e15b2997ffff,0,0,0,0,0,0,0,0,0,0
891e15b299bffff,0,0,0,0,0,0,0,0,0,0
891e15b29a3ffff,0,0,0,1,0,0,0,0,0,0
891e15b29a7ffff,0,0,0,0,0,0,0,0,1,1
891e15b29abffff,0,0,0,0,0,0,0,0,0,0
891e15b29afffff,0,1,0,0,2,1,1,1,2,1
891e15b29b3ffff,0,0,0,0,0,0,0,0,0,0
891e15b29b7ffff,0,1,1,0,0,0,0,0,1,0
891e15b29bbffff,1,1,1,1,1,1,0,0,0,0
891e15b29c3ffff,0,0,0,0,0,0,0,0,0,0
891e15b29c7ffff,0,0,0,0,0,0,0,0,0,0
891e15b29cbffff,0,0,0,0,0,0,0,0,0,0
891e15b29cfffff,0,0,0,0,0,0,0,0,0,0
891e15b29d3ffff,0,0,0,0,0,0,0,0,0,0
891e15b29d7ffff,0,0,0,0,0,0,0,0,0,0
891e15b29dbffff,0,0,0,0,0,0,0,0,0,0
891e15b2a03ffff,0,0,0,0,0,0,0,0,0,0
891e15b2a07ffff,0,0,0,0,0,0,0,0,0,0
891e15b2a0bffff,0,0,0,0,0,0,0,0,0,0
891e15b2a0fffff,0,0,0,0,0,0,0,0,0,0
891e15b2a13ffff,1,1,1,1,0,0,1,2,3,1
891e15b2a17ffff,0,0,0,0,0,0,0,0,0,0
891e15b2a1bffff,0,0,0,1,0,1,1,0,0,0
891e15b2a23ffff,0,0,0,0,0,0,0,0,0,0
891e15b2a27ffff,0,0,0,0,0,0,2,2,2,1
891e15b2a2bffff,0,0,0,0,0,0,0,0,0,0
891e15b2a2fffff,0,0,0,0,0,0,0,0,0,0
891e15b2a33ffff,0,0,0,0,0,0,0,0,0,0
891e15b2a37ffff,0,0,0,0,1,1,1,1,0,0
891e15b2a3bffff,1,1,1,0,0,0,0,0,0,0
891e15b2a43ffff,0,0,0,0,0,0,0,0,0,0
891e15b2a47ffff,0,0,0,0,0,0,0,0,0,0
891e15b2a4bffff,0,0,0,0,0,0,0,0,0,0
891e15b2a4fffff,0,0,0,0,0,0,0,0,0,0
891e15b2a53ffff,0,0,0,0,0,0,0,0,0,0
891e15b2a57ffff,0,0,0,0,0,0,0,0,0,0
891e15b2a5bffff,0,0,0,0,0,0,0,0,0,0
891e15b2a63ffff,0,0,0,0,0,0,0,0,0,0
891e15b2a67ffff,0,0,0,0,0,0,0,0,0,0
891e15b2a6bffff,0,0,0,0,0,0,0,0,0,0
891e15b2a6fffff,0,0,0,0,0,0,0,0,0,0
891e15b2a73ffff,0,0,0,0,1,1,1,0,0,0
891e15b2a77ffff,0,0,0,0,0,0,0,0,0,0
891e15b2a7bffff,0,0,0,0,0,0,0,0,0,0
891e15b2a83ffff,0,0,0,0,0,0,0,0,0,0
891e15b2a87ffff,0,0,0,0,0,0,1,1,1,1
891e15b2a8bffff,0,0,0,0,0,0,0,0,0,0
891e15b2a8fffff,0,0,0,0,0,0,0,0,0,0
891e15b2a93ffff,0,0,0,0,0,0,0,0,0,0
891e15b2a97ffff,0,0,0,0,0,0,0,0,0,0
891e15b2a9bffff,0,0,0,0,0,0,0,0,0,0
891e15b2aa3ffff,0,0,0,0,1,1,1,1,1,0
891e15b2aa7ffff,0,0,0,0,0,0,0,0,0,0
891e15b2aabffff,1,0,1,1,1,1,1,2,2,1
891e15b2aafffff,0,0,0,0,0,0,0,0,0,0
891e15b2ab3ffff,0,0,0,0,0,0,0,0,0,0
891e15b2ab7ffff,1,0,0,0,0,0,0,0,0,0
891e15b2abbffff,0,0,0,0,0,0,0,0,0,0
891e15b2ac3ffff,0,1,0,0,0,1,1,1,1,1
891e15b2ac7ffff,0,1,1,1,2,2,2,2,2,1
891e15b2acbffff,1,0,0,1,1,1,0,0,0,0
891e15b2acfffff,0,0,0,0,0,0,0,0,0,0
891e15b2ad3ffff,1,1,1,1,0,0,0,0,0,0
891e15b2ad7ffff,0,0,0,0,0,0,0,0,0,0
891e15b2adbffff,1,2,3,3,4,3,2,2,2,1
891e15b2b03ffff,0,0,0,0,0,0,0,0,0,1
891e15b2b07ffff,1,1,0,0,0,0,0,0,0,0
891e15b2b0bffff,1,1,1,1,1,1,1,0,0,0
891e15b2b0fffff,0,0,0,0,0,0,0,0,0,1
891e15b2b13ffff,0,0,0,0,0,0,0,0,0,0
891e15b2b17ffff,0,0,0,0,0,0,0,0,0,0
891e15b2b1bffff,0,0,0,0,0,0,0,0,0,0
891e15b2b23ffff,0,0,0,0,0,0,0,0,0,0
891e15b2b27ffff,0,0,0,0,0,0,0,0,0,0
891e15b2b2bffff,0,0,0,0,0,0,0,0,0,0
891e15b2b2fffff,1,0,0,1,0,0,0,0,0,0
891e15b2b33ffff,0,0,1,1,1,1,1,1,1,0
891e15b2b37ffff,0,0,0,0,0,0,0,0,0,0
891e15b2b3bffff,0,0,0,0,0,0,0,0,0,0
891e15b2b43ffff,0,0,0,0,1,2,2,2,2,0
891e15b2b47ffff,1,2,2,3,1,5,5,4,5,8
891e15b2b4bffff,0,0,0,0,0,0,0,0,0,0
891e15b2b4fffff,0,0,2,0,0,0,1,1,1,1
891e15b2b53ffff,1,2,0,0,0,0,0,0,0,0
891e15b2b57ffff,0,0,0,0,0,0,0,0,1,1
891e15b2b5bffff,0,1,0,1,0,0,0,4,4,4
891e15b2b63ffff,0,1,1,0,0,0,0,1,1,0
891e15b2b67ffff,0,0,0,0,0,0,1,1,1,0
891e15b2b6bffff,3,3,2,2,3,2,3,2,1,1
891e15b2b6fffff,0,0,0,0,1,1,0,0,0,1
891e15b2b73ffff,1,0,0,0,0,0,0,0,0,0
891e15b2b77ffff,0,0,0,0,0,0,0,1,0,0
891e15b2b7bffff,0,0,1,2,3,0,1,3,1,0
891e15b2b83ffff,1,1,1,0,0,0,0,0,0,0
891e15b2b87ffff,0,0,0,0,0,0,0,0,0,0
891e15b2b8bffff,0,0,0,0,0,0,0,0,0,0
891e15b2b8fffff,0,0,0,0,0,0,0,0,0,0
891e15b2b93ffff,0,0,0,0,0,0,0,0,0,0
891e15b2b97ffff,0,0,0,1,0,0,0,0,0,0
891e15b2b9bffff,3,3,3,3,3,2,2,2,2,2
891e15b2ba3ffff,0,0,0,0,0,0,0,0,0,0
891e15b2ba7ffff,0,0,0,0,0,0,0,0,0,0
891e15b2babffff,2,0,0,0,0,0,0,1,0,1
891e15b2bafffff,0,0,0,0,0,0,0,0,0,0
891e15b2bb3ffff,0,0,0,0,0,0,0,0,0,0
891e15b2bb7ffff,0,0,0,0,0,0,0,0,0,0
891e15b2bbbffff,0,0,0,0,0,1,0,0,0,0
891e15b2bc3ffff,0,0,1,0,0,0,0,0,0,0
891e15b2bc7ffff,0,0,0,0,0,0,0,0,0,0
891e15b2bcbffff,1,1,1,1,0,3,3,3,0,0
891e15b2bcfffff,0,0,0,0,1,0,0,1,0,0
891e15b2bd3ffff,0,0,0,0,0,0,0,0,0,0
891e15b2bd7ffff,0,0,1,0,0,0,0,0,0,0
891e15b2bdbffff,0,0,0,0,0,0,0,0,0,0
891e15b2c03ffff,0,0,0,0,0,0,0,0,0,0
891e15b2c07ffff,0,0,0,0,0,0,0,0,0,0
891e15b2c0bffff,0,0,0,0,0,0,0,0,0,0
891e15b2c0fffff,0,0,0,0,0,0,0,0,0,0
891e15b2c13ffff,0,0,0,0,0,0,0,0,0,0
891e15b2c17ffff,0,0,0,0,0,0,0,0,0,0
891e15b2c1bffff,0,0,0,0,0,0,0,0,0,0
891e15b2c2bffff,0,0,0,0,0,0,0,0,0,0
891e15b2c33ffff,0,0,0,0,0,0,0,0,0,0
891e15b2c3bffff,0,0,0,0,0,0,0,0,0,0
891e15b2c43ffff,0,0,0,0,0,0,0,0,0,0
891e15b2c47ffff,0,0,0,0,0,0,0,0,0,0
891e15b2c4bffff,0,0,0,0,0,0,0,0,0,0
891e15b2c4fffff,0,0,0,0,0,0,0,0,0,0
891e15b2c53ffff,0,0,0,0,0,0,0,0,0,0
891e15b2c57ffff,0,0,0,0,0,0,0,0,0,0
891e15b2c5bffff,0,0,0,0,0,0,0,0,0,0
891e15b2c63ffff,0,0,0,0,0,0,0,0,0,0
891e15b2c67ffff,0,0,0,0,0,0,0,0,0,0
891e15b2c6bffff,0,0,0,0,0,0,0,0,0,0
891e15b2c6fffff,0,0,0,0,0,0,0,0,0,0
891e15b2c73ffff,0,0,0,0,0,0,0,0,0,0
891e15b2c77ffff,0,0,0,0,0,0,0,0,0,0
891e15b2c7bffff,0,0,0,0,0,0,0,0,0,0
891e15b2c83ffff,0,0,0,0,0,0,0,0,0,0
891e15b2c87ffff,0,0,0,0,0,0,0,0,0,0
891e15b2c8bffff,0,0,0,0,0,0,0,0,0,0
891e15b2c8fffff,0,0,0,0,0,0,0,0,0,0
891e15b2c93ffff,0,0,0,0,0,0,0,0,0,0
891e15b2c9bffff,0,0,0,0,0,0,0,0,0,0
891e15b2cabffff,0,0,0,0,0,0,0,0,0,0
891e15b2cafffff,0,0,0,0,0,0,0,0,0,0
891e15b2cbbffff,0,0,0,0,0,0,0,0,0,0
891e15b2cc3ffff,0,0,0,0,0,0,0,1,1,1
891e15b2cc7ffff,0,0,0,0,0,0,0,0,1,0
891e15b2ccbffff,0,0,0,0,0,0,0,0,0,0
891e15b2ccfffff,0,0,0,0,0,0,0,0,0,0
891e15b2cd3ffff,0,0,0,0,0,0,0,0,0,0
891e15b2cd7ffff,0,0,0,0,0,0,0,0,0,0
891e15b2cdbffff,0,0,0,0,0,0,0,0,0,0
891e15b2d07ffff,0,0,0,0,0,0,0,0,0,0
891e15b2d0bffff,0,0,0,0,0,0,0,0,0,0
891e15b2d0fffff,0,0,0,0,0,0,0,0,0,0
891e15b2d23ffff,0,0,0,0,0,0,0,0,0,0
891e15b2d27ffff,0,0,0,0,0,0,0,0,0,0
891e15b2d2bffff,0,0,0,0,0,0,0,0,0,0
891e15b2d2fffff,0,0,0,0,0,0,0,0,0,0
891e15b2d33ffff,0,0,0,0,0,0,0,0,0,0
891e15b2d37ffff,0,0,0,0,0,0,0,0,0,0
891e15b2d3bffff,0,0,0,0,0,0,0,0,0,0
891e15b2d43ffff,0,0,0,0,0,0,0,0,0,0
891e15b2d4bffff,0,0,0,0,0,0,0,0,0,0
891e15b2d4fffff,0,0,0,0,0,0,0,0,0,0
891e15b2d63ffff,0,0,0,0,0,0,0,0,0,0
891e15b2d67ffff,0,0,0,0,0,0,0,0,0,0
891e15b2d6bffff,0,0,0,0,0,0,0,0,0,0
891e15b2d6fffff,0,0,0,0,0,0,0,0,0,0
891e15b2d73ffff,0,0,0,0,0,0,0,0,0,0
891e15b2d77ffff,0,0,0,0,0,0,0,0,0,0
891e15b2d7bffff,0,0,0,0,0,0,0,0,0,0
891e15b2da3ffff,0,0,0,0,0,0,0,0,0,0
891e15b2da7ffff,0,1,0,0,0,0,0,0,0,0
891e15b2dabffff,0,0,0,0,0,0,0,0,0,0
891e15b2dafffff,0,0,0,0,0,0,0,0,0,0
891e15b2db7ffff,0,0,0,1,0,0,0,0,0,0
891e15b2e03ffff,0,0,0,0,0,0,0,0,0,0
891e15b2e07ffff,0,0,0,0,0,0,0,0,0,0
891e15b2e0bffff,0,0,0,0,0,0,0,0,0,0
891e15b2e0fffff,0,0,0,0,0,0,0,0,0,0
891e15b2e13ffff,0,0,0,0,0,0,0,0,0,0
891e15b2e17ffff,0,0,0,0,0,0,0,0,0,0
891e15b2e1bffff,0,0,0,0,0,0,0,0,0,0
891e15b2e23ffff,0,0,0,0,0,0,0,0,0,0
891e15b2e27ffff,0,0,0,0,0,0,0,0,0,0
891e15b2e2bffff,0,0,0,0,0,0,0,0,0,0
891e15b2e2fffff,0,0,1,0,0,0,0,0,1,0
891e15b2e33ffff,0,0,0,0,0,0,0,0,0,0
891e15b2e37ffff,0,0,0,0,0,0,0,0,0,0
891e15b2e3bffff,0,0,0,0,0,0,0,0,0,0
891e15b2e43ffff,0,0,0,0,0,0,0,0,0,0
891e15b2e47ffff,0,0,0,0,0,0,0,0,0,0
891e15b2e4bffff,0,0,0,0,0,0,0,0,0,0
891e15b2e4fffff,0,0,0,0,0,0,0,0,0,0
891e15b2e53ffff,0,0,0,0,0,0,0,0,0,0
891e15b2e57ffff,0,0,0,0,0,0,0,0,0,0
891e15b2e5bffff,0,0,0,0,0,0,0,0,0,0
891e15b2e63ffff,0,0,0,0,0,0,0,0,0,0
891e15b2e67ffff,0,0,0,0,0,0,0,0,0,0
891e15b2e6bffff,0,0,0,0,0,0,0,0,0,0
891e15b2e6fffff,0,0,0,0,0,0,0,0,0,0
891e15b2e73ffff,0,0,0,0,0,0,0,0,0,0
891e15b2e77ffff,0,0,0,0,0,0,0,0,0,0
891e15b2e7bffff,0,0,0,0,0,0,0,0,0,0
891e15b2e83ffff,0,0,0,0,0,0,0,0,0,0
891e15b2e87ffff,0,0,0,0,0,0,0,0,0,0
891e15b2e8bffff,0,0,0,0,0,0,0,0,0,0
891e15b2e8fffff,0,0,0,0,0,0,0,0,0,0
891e15b2e93ffff,0,0,0,0,0,0,0,0,0,0
891e15b2e97ffff,0,0,0,0,0,0,0,0,0,0
891e15b2e9bffff,0,0,0,0,0,0,0,0,0,0
891e15b2ea3ffff,0,0,0,0,0,0,0,0,0,0
891e15b2ea7ffff,0,0,0,0,0,0,0,0,0,0
891e15b2eabffff,0,0,0,0,0,0,0,0,0,0
891e15b2eafffff,0,0,0,0,0,0,0,0,0,0
891e15b2eb3ffff,0,0,0,0,0,0,0,0,0,0
891e15b2eb7ffff,0,0,0,0,0,0,0,0,0,0
891e15b2ebbffff,0,0,0,0,0,0,0,0,0,0
891e15b2ec3ffff,1,1,1,1,0,1,1,0,0,0
891e15b2ec7ffff,0,0,0,0,1,1,1,0,0,0
891e15b2ecbffff,0,0,0,0,0,0,0,1,1,0
891e15b2ecfffff,0,0,0,0,0,0,0,0,0,0
891e15b2ed7ffff,0,0,0,0,0,0,0,0,0,0
891e15b2edbffff,0,0,0,0,0,0,0,0,0,0
891e15b4003ffff,0,0,0,0,1,2,2,4,3,3
891e15b4007ffff,0,0,0,0,0,0,0,0,0,0
891e15b400bffff,0,4,5,7,6,30,52,60,55,35
891e15b400fffff,0,0,0,0,0,0,0,0,0,0
891e15b4013ffff,0,0,0,0,0,0,1,0,0,0
891e15b4017ffff,0,0,0,0,0,0,0,0,0,0
891e15b401bffff,26,26,36,42,34,44,61,64,58,35
891e15b4023ffff,0,0,0,0,0,0,0,0,0,0
891e15b4027ffff,0,0,0,0,0,0,0,0,0,0
891e15b402bffff,0,1,1,1,2,1,3,3,1,1
891e15b402fffff,0,0,0,1,0,0,0,0,0,0
891e15b4033ffff,0,0,0,0,0,0,0,0,0,0
891e15b4037ffff,0,0,0,0,0,0,0,0,0,0
891e15b403bffff,0,0,0,0,0,0,0,0,0,0
891e15b4043ffff,0,1,0,0,3,7,5,4,4,9
891e15b4047ffff,1,2,0,0,0,0,0,0,0,0
891e15b404bffff,0,0,1,2,1,4,3,3,2,2
891e15b404fffff,0,0,0,0,0,0,0,0,0,0
891e15b4053ffff,5,9,12,13,14,10,10,13,10,8
891e15b4057ffff,10,15,17,25,11,14,15,15,10,9
891e15b405bffff,3,5,5,9,8,7,8,8,9,7
891e15b4063ffff,0,0,0,0,0,0,0,0,0,0
891e15b4067ffff,0,0,0,0,0,0,0,0,0,0
891e15b406bffff,0,0,1,0,0,0,9,17,23,25
891e15b406fffff,4,3,3,2,2,5,11,16,6,4
891e15b4073ffff,0,0,1,1,1,0,0,0,0,0
891e15b4077ffff,0,0,0,0,0,0,0,0,0,0
891e15b407bffff,0,0,0,0,0,0,0,0,1,1
891e15b4083ffff,0,0,0,0,0,0,0,0,0,0
891e15b4087ffff,0,0,0,0,0,0,0,0,0,0
891e15b408bffff,0,0,0,0,0,0,0,0,0,0
891e15b408fffff,0,0,0,0,0,0,0,0,0,0
891e15b4093ffff,0,0,0,0,0,0,0,0,0,0
891e15b4097ffff,0,0,0,0,0,0,0,0,0,0
891e15b409bffff,3,2,3,1,1,1,1,2,2,0
891e15b40a3ffff,0,0,0,0,0,0,0,0,0,0
891e15b40a7ffff,0,0,0,0,0,0,0,0,0,0
891e15b40abffff,0,0,0,0,0,0,0,0,0,0
891e15b40afffff,0,0,0,0,0,0,0,0,0,0
891e15b40b3ffff,0,0,0,0,0,0,0,0,0,0
891e15b40b7ffff,0,0,0,0,0,0,0,0,0,0
891e15b40bbffff,0,0,0,0,0,0,1,0,0,0
891e15b40c3ffff,9,13,18,24,24,20,37,36,34,28
891e15b40c7ffff,4,2,8,9,9,10,12,20,17,11
891e15b40cbffff,7,17,21,13,10,14,10,11,10,7
891e15b40cfffff,7,13,19,21,13,11,13,22,21,16
891e15b40d3ffff,14,17,24,29,27,25,25,36,29,30
891e15b40d7ffff,3,5,6,7,5,6,7,8,8,7
891e15b40dbffff,25,28,36,35,22,25,32,28,19,25
891e15b4103ffff,0,0,0,0,0,0,0,0,0,0
891e15b4107ffff,0,0,0,0,0,0,0,0,0,0
891e15b410bffff,0,0,0,0,0,0,0,0,0,0
891e15b410fffff,0,0,0,0,0,0,2,4,3,3
891e15b4113ffff,0,0,0,0,0,0,0,0,0,0
891e15b4117ffff,0,0,0,0,0,0,0,0,0,0
891e15b411bffff,0,0,0,0,0,0,0,0,0,0
891e15b4123ffff,0,0,0,0,0,0,0,0,0,0
891e15b4127ffff,0,0,0,0,0,0,0,0,0,0
891e15b412bffff,0,0,0,0,0,0,0,0,0,0
891e15b412fffff,0,0,0,0,0,0,0,0,0,0
891e15b4133ffff,0,0,0,0,0,0,0,0,0,0
891e15b4137ffff,0,0,0,0,0,0,0,0,0,0
891e15b413bffff,0,0,0,0,0,0,0,0,0,0
891e15b4143ffff,0,0,0,0,0,0,0,0,0,0
891e15b4147ffff,0,0,0,0,0,0,0,0,0,0
891e15b414bffff,0,0,0,0,0,0,0,0,0,0
891e15b414fffff,0,0,0,0,0,0,0,0,0,0
891e15b4153ffff,0,0,0,0,0,0,0,0,0,0
891e15b4157ffff,0,0,0,0,0,0,0,0,0,0
891e15b415bffff,0,0,0,0,0,0,0,0,0,0
891e15b4163ffff,0,0,0,0,0,0,0,0,0,0
891e15b4167ffff,0,0,0,0,0,0,0,0,0,0
891e15b416bffff,0,0,0,0,0,0,0,0,0,0
891e15b416fffff,0,0,0,0,0,0,0,0,0,0
891e15b4173ffff,0,0,0,0,0,0,0,0,0,0
891e15b4177ffff,0,0,0,0,0,0,0,0,0,0
891e15b417bffff,0,0,0,0,0,0,0,0,0,0
891e15b4183ffff,0,0,0,0,0,0,0,0,0,0
891e15b4187ffff,0,0,0,0,0,0,0,0,0,0
891e15b418bffff,0,0,0,0,0,0,0,0,0,0
891e15b418fffff,0,0,0,0,0,0,0,0,0,0
891e15b4193ffff,0,0,0,0,0,0,0,0,0,0
891e15b4197ffff,0,0,0,0,0,0,0,0,0,0
891e15b419bffff,0,0,0,0,0,0,0,0,0,0
891e15b41a3ffff,0,0,0,0,0,0,0,0,0,0
891e15b41a7ffff,0,0,0,0,0,0,0,0,0,0
891e15b41abffff,0,0,0,0,0,0,0,0,0,0
891e15b41afffff,0,0,0,0,0,0,0,0,0,0
891e15b41b3ffff,0,0,0,0,0,0,0,0,0,0
891e15b41b7ffff,0,0,0,0,0,0,0,0,0,0
891e15b41bbffff,0,0,0,0,0,0,0,0,0,0
891e15b41c3ffff,0,1,1,0,0,0,0,0,0,0
891e15b41c7ffff,0,0,0,0,1,0,0,0,0,0
891e15b41cbffff,0,0,0,0,0,0,0,0,0,0
891e15b41cfffff,0,0,0,0,0,0,0,1,0,0
891e15b41d3ffff,0,0,0,1,1,0,0,0,0,0
891e15b41d7ffff,1,0,2,2,1,1,0,0,0,0
891e15b41dbffff,0,0,0,0,0,0,0,0,0,0
891e15b4203ffff,1,0,0,0,0,0,0,0,0,3
891e15b4207ffff,0,0,0,0,0,0,2,1,1,0
891e15b420bffff,6,9,13,18,8,10,11,12,11,10
891e15b420fffff,3,3,3,3,6,8,12,14,15,7
891e15b4213ffff,2,1,1,0,1,0,0,1,1,0
891e15b4217ffff,0,0,0,0,0,0,0,0,0,0
891e15b421bffff,3,4,4,7,5,2,2,2,2,0
891e15b4223ffff,1,1,0,5,2,3,7,18,22,22
891e15b4227ffff,1,3,5,4,1,2,2,2,3,4
891e15b422bffff,0,0,0,1,0,0,0,0,0,1
891e15b422fffff,2,3,2,2,2,1,2,4,1,2
891e15b4233ffff,1,0,0,1,3,5,8,9,11,6
891e15b4237ffff,3,6,8,12,9,26,14,41,22,23
891e15b423bffff,1,1,1,1,2,2,6,10,7,6
891e15b4243ffff,3,5,6,3,5,4,4,6,5,3
891e15b4247ffff,1,2,1,5,4,4,5,12,16,14
891e15b424bffff,1,1,1,1,0,1,0,0,0,1
891e15b424fffff,1,1,0,0,0,0,0,0,1,1
891e15b4253ffff,6,6,6,12,11,15,21,22,21,16
891e15b4257ffff,2,11,7,17,11,11,16,38,34,28
891e15b425bffff,0,3,3,3,8,6,9,8,8,6
891e15b4263ffff,0,0,0,0,0,0,0,0,0,0
891e15b4267ffff,0,0,0,0,0,0,0,0,0,0
891e15b426bffff,0,0,0,0,0,0,0,0,0,0
891e15b426fffff,0,0,0,0,0,0,0,0,0,0
891e15b4273ffff,0,0,0,0,0,0,0,0,0,0
891e15b4277ffff,0,0,0,0,0,0,1,2,0,0
891e15b427bffff,0,1,0,0,1,1,0,0,0,0
891e15b4283ffff,0,0,0,0,0,0,0,0,0,0
891e15b4287ffff,0,0,2,3,2,1,24,24,16,13
891e15b428bffff,0,0,0,0,0,0,0,0,0,0
891e15b428fffff,0,0,0,0,0,0,3,3,1,1
891e15b4293ffff,0,1,0,0,2,1,2,2,1,0
891e15b4297ffff,0,7,7,10,8,4,5,5,6,5
891e15b429bffff,0,0,0,0,0,0,0,0,0,0
891e15b42a3ffff,0,3,3,4,4,3,4,9,8,9
891e15b42a7ffff,0,0,0,0,0,0,0,3,5,3
891e15b42abffff,0,0,0,0,0,0,0,0,0,0
891e15b42afffff,4,3,3,1,1,14,6,16,4,4
891e15b42b3ffff,0,1,2,1,0,0,0,1,1,2
891e15b42b7ffff,0,0,3,1,3,4,7,9,9,7
891e15b42bbffff,0,0,0,0,0,0,0,0,0,0
891e15b42c3ffff,2,4,4,21,11,12,15,14,9,5
891e15b42c7ffff,1,0,1,1,3,3,3,4,5,4
891e15b42cbffff,28,27,9,16,16,16,18,27,27,18
891e15b42cfffff,1,5,7,9,6,7,7,6,4,5
891e15b42d3ffff,4,4,5,9,9,7,25,28,12,4
891e15b42d7ffff,0,1,1,6,1,2,0,2,2,1
891e15b42dbffff,8,13,16,15,20,10,18,18,16,23
891e15b4303ffff,0,0,0,0,0,0,0,0,0,0
891e15b4307ffff,0,0,0,0,0,0,0,0,0,0
891e15b430bffff,0,0,0,0,0,0,0,0,0,0
891e15b430fffff,0,0,0,0,0,0,0,1,0,0
891e15b4313ffff,0,0,0,0,0,0,0,0,0,0
891e15b4317ffff,0,0,0,0,0,0,0,0,0,0
891e15b431bffff,0,0,0,0,0,0,0,0,0,0
891e15b4323ffff,0,0,0,0,0,0,0,0,0,0
891e15b4327ffff,0,0,0,0,0,0,0,0,0,0
891e15b432bffff,0,0,0,0,0,0,0,0,0,0
891e15b432fffff,0,0,0,0,0,0,0,0,0,0
891e15b4333ffff,0,0,0,0,0,0,0,0,0,0
891e15b4337ffff,0,0,0,0,0,0,0,0,0,0
891e15b433bffff,0,0,0,0,0,0,0,0,0,0
891e15b4343ffff,0,1,1,0,0,0,0,3,3,3
891e15b4347ffff,3,3,3,2,3,2,2,2,1,1
891e15b434bffff,2,2,1,0,0,0,2,3,5,2
891e15b434fffff,0,0,1,5,10,9,0,0,2,5
891e15b4353ffff,3,0,0,2,0,3,2,7,10,5
891e15b4357ffff,7,7,7,9,9,9,9,11,10,10
891e15b435bffff,1,4,6,3,5,3,4,9,8,5
891e15b4363ffff,0,0,0,0,0,0,0,0,0,0
891e15b4367ffff,1,1,1,1,1,0,0,0,0,0
891e15b436bffff,1,1,0,0,0,0,0,0,0,1
891e15b436fffff,0,0,0,0,0,0,0,0,0,0
891e15b4373ffff,0,0,0,0,0,0,0,0,0,0
891e15b4377ffff,0,0,0,0,0,0,0,0,0,0
891e15b437bffff,0,0,0,0,0,1,1,1,2,2
891e15b4383ffff,0,0,0,0,0,0,0,0,0,0
891e15b4387ffff,0,0,0,0,0,0,0,0,0,0
891e15b438bffff,0,0,0,0,0,0,0,0,0,0
891e15b438fffff,0,0,0,0,0,0,0,0,0,0
891e15b4393ffff,0,0,0,0,0,0,0,0,0,0
891e15b4397ffff,0,0,0,0,0,0,0,0,0,0
891e15b439bffff,0,0,0,0,1,1,1,1,1,0
891e15b43a3ffff,0,0,0,0,0,0,0,0,0,0
891e15b43a7ffff,0,0,0,0,0,0,0,0,0,0
891e15b43abffff,0,0,0,0,0,0,0,0,0,0
891e15b43afffff,0,0,0,0,0,0,0,0,0,0
891e15b43b3ffff,0,0,0,0,0,0,0,0,0,0
891e15b43b7ffff,0,0,0,0,0,0,0,0,0,0
891e15b43bbffff,0,0,0,0,0,0,0,0,0,0
891e15b43c3ffff,3,3,2,3,2,2,4,5,5,8
891e15b43c7ffff,0,1,0,0,0,0,0,0,0,0
891e15b43cbffff,1,0,2,1,0,0,2,2,2,1
891e15b43cfffff,0,1,3,4,6,3,3,5,4,1
891e15b43d3ffff,3,3,4,2,1,1,1,4,1,0
891e15b43d7ffff,2,2,1,2,0,0,0,0,0,4
891e15b43dbffff,1,3,3,2,5,10,8,10,8,7
891e15b4403ffff,0,0,1,1,1,0,1,1,1,1
891e15b4407ffff,0,0,0,0,0,0,0,0,0,0
891e15b440bffff,15,23,24,18,18,16,19,17,20,11
891e15b440fffff,2,2,1,3,3,0,3,3,3,3
891e15b4413ffff,2,3,4,2,2,1,1,1,0,5
891e15b4417ffff,3,6,5,4,7,6,6,5,5,3
891e15b441bffff,9,14,21,23,15,14,14,15,18,15
891e15b4423ffff,0,2,2,3,4,5,4,5,4,3
891e15b4427ffff,0,5,6,8,8,9,10,9,8,9
891e15b442bffff,0,0,0,0,0,0,0,0,0,0
891e15b442fffff,0,3,3,2,1,0,0,0,0,0
891e15b4433ffff,0,0,0,0,2,2,2,2,2,3
891e15b4437ffff,6,4,3,4,7,5,5,4,4,2
891e15b443bffff,0,0,0,0,0,0,0,0,0,0
891e15b4443ffff,4,13,10,9,9,10,18,17,22,18
891e15b4447ffff,37,49,56,49,36,33,38,39,43,43
891e15b444bffff,8,13,14,12,9,8,10,11,11,17
891e15b444fffff,20,22,24,25,18,22,14,14,15,18
891e15b4453ffff,4,5,4,3,8,7,7,8,12,8
891e15b4457ffff,40,48,37,53,53,54,55,62,69,60
891e15b445bffff,2,3,3,4,3,5,4,5,5,5
891e15b4463ffff,4,3,2,2,3,2,2,5,4,9
891e15b4467ffff,0,0,0,0,0,0,0,0,0,0
891e15b446bffff,17,16,24,25,28,27,26,24,23,15
891e15b446fffff,6,7,9,7,3,3,3,5,11,10
891e15b4473ffff,4,9,7,11,11,12,16,19,22,21
891e15b4477ffff,0,0,1,2,0,0,1,0,0,0
891e15b447bffff,20,34,44,42,30,26,27,31,29,26
891e15b4483ffff,2,2,2,3,4,2,0,0,2,0
891e15b4487ffff,29,36,38,44,40,40,34,43,34,37
891e15b448bffff,8,14,12,9,9,10,12,14,14,11
891e15b448fffff,13,19,21,13,13,10,11,16,13,15
891e15b4493ffff,3,3,3,6,4,3,3,5,5,4
891e15b4497ffff,6,5,8,7,6,6,6,9,5,7
891e15b449bffff,24,25,37,36,38,29,41,46,48,41
891e15b44a3ffff,16,27,38,38,39,32,33,31,47,38
891e15b44a7ffff,20,22,23,13,19,14,23,48,40,46
891e15b44abffff,2,7,9,6,9,10,10,6,25,27
891e15b44afffff,13,16,17,24,26,23,19,17,15,13
891e15b44b3ffff,15,20,23,30,20,20,24,24,30,37
891e15b44b7ffff,4,7,11,8,8,8,13,18,22,18
891e15b44bbffff,19,31,44,43,32,34,43,51,55,48
891e15b44c3ffff,21,33,41,42,42,36,53,74,71,53
891e15b44c7ffff,17,25,38,36,33,27,41,66,66,42
891e15b44cbffff,15,24,27,26,18,15,11,14,22,18
891e15b44cfffff,9,22,23,37,19,24,36,40,38,32
891e15b44d3ffff,24,47,50,58,56,54,69,82,85,77
891e15b44d7ffff,12,20,22,33,31,23,31,40,41,35
891e15b44dbffff,18,26,23,26,26,23,27,27,28,29
891e15b4503ffff,0,0,0,0,0,0,0,0,0,0
891e15b4507ffff,1,1,0,0,0,0,0,0,0,0
891e15b450bffff,0,0,0,0,0,0,0,0,0,0
891e15b450fffff,0,0,0,0,0,0,0,0,0,0
891e15b4513ffff,0,0,0,0,0,0,0,0,0,0
891e15b4517ffff,0,0,0,0,0,0,0,0,0,0
891e15b451bffff,0,0,0,0,0,0,0,0,0,0
891e15b4523ffff,1,2,8,2,4,3,2,1,1,0
891e15b4527ffff,0,0,0,0,0,0,0,0,0,0
891e15b452bffff,0,0,0,0,0,0,0,0,0,0
891e15b452fffff,0,0,0,0,0,0,0,0,0,0
891e15b4533ffff,1,2,2,2,0,0,1,1,1,1
891e15b4537ffff,0,0,1,0,0,0,0,0,0,0
891e15b453bffff,0,0,0,0,0,0,0,0,0,0
891e15b4543ffff,0,0,0,0,0,0,2,2,2,10
891e15b4547ffff,3,2,2,3,2,3,2,2,0,0
891e15b454bffff,0,0,0,0,0,0,0,0,0,0
891e15b454fffff,1,0,0,0,0,0,0,0,0,0
891e15b4553ffff,0,0,0,0,1,2,2,2,1,3
891e15b4557ffff,1,1,2,0,0,1,1,1,1,1
891e15b455bffff,2,1,1,2,2,1,1,0,0,2
891e15b4563ffff,2,1,0,0,0,4,20,23,18,20
891e15b4567ffff,0,0,0,0,0,0,0,0,0,0
891e15b456bffff,1,0,0,0,1,4,17,22,17,17
891e15b456fffff,0,0,0,0,0,0,0,0,1,1
891e15b4573ffff,0,0,0,0,0,0,0,0,0,0
891e15b4577ffff,0,0,0,0,0,0,0,0,0,0
891e15b457bffff,0,0,2,1,0,17,20,20,18,17
891e15b4583ffff,0,1,2,2,1,3,2,2,3,3
891e15b4587ffff,0,0,0,0,0,0,0,0,0,0
891e15b458bffff,0,0,0,0,0,1,0,0,0,0
891e15b458fffff,0,0,0,0,1,0,1,1,0,0
891e15b4593ffff,7,6,8,13,12,10,11,13,9,5
891e15b4597ffff,0,0,0,0,0,0,0,0,0,0
891e15b459bffff,3,4,2,3,0,0,0,1,1,1
891e15b45a3ffff,0,0,0,0,0,0,0,0,0,0
891e15b45a7ffff,0,0,0,0,0,0,0,0,0,0
891e15b45abffff,0,0,0,0,1,1,0,0,0,0
891e15b45afffff,0,0,0,0,1,1,1,1,1,1
891e15b45b3ffff,0,0,0,0,0,0,0,1,1,1
891e15b45b7ffff,0,0,0,0,0,0,0,0,0,0
891e15b45bbffff,0,0,0,0,0,0,0,0,0,0
891e15b45c3ffff,0,0,1,1,1,1,1,1,2,1
891e15b45c7ffff,0,0,0,0,0,0,0,0,0,0
891e15b45cbffff,1,4,4,6,5,4,5,4,4,0
891e15b45cfffff,0,0,0,0,0,1,1,0,0,0
891e15b45d3ffff,1,1,3,2,0,0,0,1,1,1
891e15b45d7ffff,0,0,0,0,0,0,0,0,0,0
891e15b45dbffff,4,12,21,14,7,5,7,8,8,7
891e15b4603ffff,0,0,0,0,0,1,0,0,0,0
891e15b4607ffff,9,16,13,8,4,8,10,14,11,11
891e15b460bffff,11,21,20,28,22,23,20,22,23,22
891e15b460fffff,0,1,0,1,1,2,2,0,0,1
891e15b4613ffff,5,6,10,6,7,6,5,4,3,2
891e15b4617ffff,15,17,22,24,15,13,15,17,18,9
891e15b461bffff,2,5,7,8,7,5,9,14,12,8
891e15b4623ffff,10,18,27,19,32,25,30,34,26,18
891e15b4627ffff,6,6,7,7,5,7,6,10,9,5
891e15b462bffff,28,36,41,38,27,27,39,48,41,35
891e15b462fffff,2,3,2,3,7,7,6,8,4,8
891e15b4633ffff,6,9,15,21,27,31,40,48,43,53
891e15b4637ffff,9,17,20,21,14,14,17,17,12,11
891e15b463bffff,39,43,43,51,30,45,56,71,68,54
891e15b4643ffff,25,32,31,35,26,11,16,19,18,15
891e15b4647ffff,15,26,27,35,31,25,32,31,28,22
891e15b464bffff,12,19,18,20,16,20,21,25,22,23
891e15b464fffff,10,19,23,22,14,14,17,25,26,21
891e15b4653ffff,25,36,38,39,25,19,24,27,23,21
891e15b4657ffff,9,7,8,7,7,2,4,10,11,10
891e15b465bffff,14,20,24,28,22,24,25,33,36,31
891e15b4663ffff,1,0,2,3,5,19,29,27,22,20
891e15b4667ffff,5,7,10,8,6,9,13,10,8,8
891e15b466bffff,17,26,23,20,8,20,77,83,57,35
891e15b466fffff,0,1,2,7,5,6,11,16,10,13
891e15b4673ffff,11,19,11,10,12,10,18,25,17,8
891e15b4677ffff,17,24,27,29,30,25,26,24,24,21
891e15b467bffff,8,9,11,9,6,5,6,5,6,2
891e15b4683ffff,3,3,3,1,1,2,2,3,0,1
891e15b4687ffff,12,19,22,26,23,23,28,38,34,17
891e15b468bffff,1,2,1,0,1,1,1,2,1,3
891e15b468fffff,14,17,18,23,26,23,25,21,22,17
891e15b4693ffff,13,30,31,29,31,28,26,27,31,22
891e15b4697ffff,2,2,3,4,7,4,4,4,5,3
891e15b469bffff,17,19,31,25,30,26,22,24,19,19
891e15b46a3ffff,9,14,13,10,8,10,12,12,10,11
891e15b46a7ffff,10,16,18,22,25,25,26,28,24,13
891e15b46abffff,4,6,13,13,10,11,12,10,14,12
891e15b46afffff,6,9,10,10,9,7,9,9,8,5
891e15b46b3ffff,14,17,22,25,17,18,18,17,22,28
891e15b46b7ffff,10,11,17,15,9,16,13,17,19,19
891e15b46bbffff,7,10,11,18,19,17,23,32,25,22
891e15b46c3ffff,23,25,34,34,29,28,31,28,29,24
891e15b46c7ffff,9,19,31,32,34,24,23,25,24,15
891e15b46cbffff,28,30,36,26,30,29,33,30,28,26
891e15b46cfffff,18,19,20,18,21,15,15,13,12,9
891e15b46d3ffff,29,36,45,49,47,46,50,48,45,42
891e15b46d7ffff,8,10,17,23,25,22,24,33,22,16
891e15b46dbffff,17,18,27,26,23,25,28,35,28,30
891e15b4803ffff,0,0,0,0,0,0,0,0,0,0
891e15b4807ffff,0,0,0,0,0,0,0,0,0,0
891e15b480bffff,0,0,0,0,0,0,0,0,0,0
891e15b480fffff,0,0,0,0,0,0,0,0,0,0
891e15b4813ffff,0,0,0,0,0,0,0,0,0,0
891e15b4817ffff,0,0,0,0,0,0,0,0,0,0
891e15b481bffff,0,0,0,0,0,0,0,0,0,0
891e15b4823ffff,0,0,0,0,0,0,0,0,0,0
891e15b4827ffff,0,0,0,0,0,0,0,0,0,0
891e15b482bffff,0,0,0,0,0,0,0,0,0,0
891e15b482fffff,0,0,0,0,0,0,0,0,0,0
891e15b4833ffff,0,0,0,0,0,0,0,0,0,0
891e15b4837ffff,0,0,0,0,0,0,0,0,0,0
891e15b483bffff,0,0,0,0,0,0,0,0,0,0
891e15b4843ffff,0,0,0,0,0,0,0,0,0,0
891e15b4847ffff,0,0,0,0,0,0,0,0,0,0
891e15b484bffff,0,0,0,0,0,0,0,0,0,0
891e15b484fffff,0,0,0,0,0,0,0,0,0,0
891e15b4853ffff,0,0,0,0,0,0,0,0,0,0
891e15b4857ffff,0,0,0,0,0,0,0,0,0,0
891e15b485bffff,0,0,0,0,0,0,0,0,0,0
891e15b4863ffff,0,0,0,0,0,0,0,0,0,0
891e15b4867ffff,0,0,0,0,0,0,0,0,0,0
891e15b486bffff,0,0,0,0,0,0,0,0,0,0
891e15b486fffff,0,0,0,0,0,0,0,0,0,0
891e15b4873ffff,0,0,0,0,0,0,0,0,0,0
891e15b4877ffff,0,0,0,0,0,0,0,0,0,0
891e15b487bffff,0,0,0,0,0,0,0,0,0,0
891e15b4883ffff,0,0,0,0,0,0,0,0,0,0
891e15b4887ffff,0,0,0,0,0,0,0,0,0,0
891e15b488bffff,0,0,0,0,0,0,0,0,0,0
891e15b488fffff,0,0,0,0,0,0,0,0,0,0
891e15b4893ffff,0,0,0,0,0,0,0,0,0,0
891e15b4897ffff,0,0,0,0,0,0,0,0,0,0
891e15b489bffff,0,0,0,0,0,0,0,0,0,0
891e15b48a3ffff,0,0,0,0,0,0,0,0,0,0
891e15b48a7ffff,0,0,0,0,0,0,0,0,0,0
891e15b48abffff,0,0,0,0,0,0,0,0,0,0
891e15b48afffff,0,0,0,0,0,0,0,0,0,0
891e15b48b3ffff,0,0,0,0,0,0,0,0,0,0
891e15b48b7ffff,0,0,0,0,0,0,0,0,0,0
891e15b48bbffff,0,0,0,0,0,0,0,0,0,0
891e15b48c3ffff,0,0,0,0,0,0,0,0,0,0
891e15b48c7ffff,0,0,0,0,0,0,0,0,0,0
891e15b48cbffff,0,0,0,0,0,0,0,0,0,0
891e15b48cfffff,0,0,0,0,0,0,0,0,0,0
891e15b48d3ffff,0,0,0,0,0,0,0,0,0,0
891e15b48d7ffff,0,0,0,0,0,0,0,0,0,0
891e15b48dbffff,0,0,0,0,0,0,0,0,0,0
891e15b4903ffff,0,0,0,0,0,0,0,0,0,0
891e15b4907ffff,0,0,0,0,0,0,0,0,0,0
891e15b490bffff,0,0,0,0,0,0,0,0,0,0
891e15b490fffff,0,0,0,0,0,0,0,0,0,0
891e15b4913ffff,0,0,0,0,0,0,0,0,0,0
891e15b4917ffff,0,0,0,0,0,0,0,0,0,0
891e15b491bffff,0,0,0,0,0,0,0,0,0,0
891e15b492bffff,0,0,0,0,0,0,0,0,0,0
891e15b492fffff,0,0,0,0,0,0,0,0,0,0
891e15b4933ffff,0,0,0,0,0,0,0,0,0,0
891e15b4943ffff,0,0,0,0,0,0,0,0,0,0
891e15b4947ffff,0,0,0,0,0,0,0,0,0,0
891e15b494bffff,0,0,0,0,0,0,0,0,0,0
891e15b494fffff,0,0,0,0,0,0,0,0,0,0
891e15b4953ffff,0,0,0,0,0,0,0,0,0,0
891e15b4957ffff,0,0,0,0,0,0,0,0,0,0
891e15b495bffff,0,0,0,0,0,0,0,0,0,0
891e15b4963ffff,0,0,0,0,0,0,0,0,0,0
891e15b496bffff,0,0,0,0,0,0,0,0,0,0
891e15b496fffff,0,0,0,0,0,0,0,0,0,0
891e15b4973ffff,0,0,0,0,0,0,0,0,0,0
891e15b4977ffff,0,0,0,0,0,0,0,0,0,0
891e15b497bffff,0,0,0,0,0,0,0,0,0,0
891e15b4983ffff,0,0,0,0,0,0,0,0,0,0
891e15b4987ffff,0,0,0,0,0,0,0,0,0,0
891e15b498bffff,0,0,0,0,0,0,0,0,0,0
891e15b498fffff,0,0,0,0,0,0,0,0,0,0
891e15b4993ffff,0,0,0,0,0,0,0,0,0,0
891e15b4997ffff,0,0,0,0,0,0,0,0,0,0
891e15b499bffff,0,0,0,0,0,0,0,0,0,0
891e15b49b3ffff,0,0,0,0,0,0,0,0,0,0
891e15b49bbffff,0,0,0,0,0,0,0,0,0,0
891e15b49c3ffff,0,0,0,0,0,0,0,0,0,0
891e15b49c7ffff,0,0,0,0,0,0,0,0,0,0
891e15b49cbffff,0,0,0,0,0,0,0,0,0,0
891e15b49cfffff,0,0,0,0,0,0,0,0,0,0
891e15b49d3ffff,0,0,0,0,0,0,0,0,0,0
891e15b49d7ffff,0,0,0,0,0,0,0,0,0,0
891e15b49dbffff,0,0,0,0,0,0,0,0,0,0
891e15b4a03ffff,0,0,0,0,0,0,0,0,0,0
891e15b4a07ffff,0,0,0,0,0,0,0,0,0,0
891e15b4a0bffff,0,0,0,0,0,0,0,0,0,0
891e15b4a0fffff,1,0,0,0,0,0,0,0,0,0
891e15b4a13ffff,0,0,0,0,0,0,0,0,0,0
891e15b4a17ffff,0,0,0,0,0,0,0,0,0,0
891e15b4a1bffff,0,0,0,1,1,1,1,1,1,1
891e15b4a23ffff,0,0,0,0,0,0,0,0,0,0
891e15b4a27ffff,0,0,0,0,0,0,0,0,0,0
891e15b4a33ffff,0,0,0,0,0,0,0,0,0,0
891e15b4a37ffff,0,0,0,0,0,0,0,0,0,0
891e15b4a3bffff,0,0,0,0,0,0,0,0,0,0
891e15b4a43ffff,0,0,0,0,0,0,0,0,0,0
891e15b4a47ffff,0,0,0,0,0,0,0,0,0,0
891e15b4a4bffff,0,0,0,0,0,0,0,0,0,0
891e15b4a4fffff,0,0,0,0,0,0,0,0,0,0
891e15b4a53ffff,1,1,1,1,0,0,0,0,0,0
891e15b4a57ffff,0,0,0,0,0,1,0,0,0,0
891e15b4a5bffff,1,1,1,0,0,0,0,0,0,0
891e15b4a73ffff,0,0,0,0,0,0,0,0,0,0
891e15b4a77ffff,0,0,0,0,0,0,0,0,0,0
891e15b4a83ffff,0,0,0,0,0,0,0,0,0,0
891e15b4a87ffff,0,0,0,0,0,0,0,0,0,0
891e15b4a8bffff,0,0,0,0,0,0,0,0,0,0
891e15b4a8fffff,0,0,0,0,0,0,0,0,0,0
891e15b4a93ffff,0,0,0,0,0,0,0,0,0,0
891e15b4a97ffff,0,0,0,0,0,0,0,0,0,0
891e15b4a9bffff,0,0,0,0,0,0,0,0,0,0
891e15b4aa3ffff,0,0,0,0,0,0,0,0,0,0
891e15b4aa7ffff,0,0,0,0,0,0,0,0,0,0
891e15b4aabffff,0,0,0,0,0,0,0,0,0,0
891e15b4aafffff,0,0,0,0,0,0,0,0,0,0
891e15b4ab3ffff,0,0,0,0,0,0,0,0,0,0
891e15b4ab7ffff,0,0,0,0,0,0,0,0,0,0
891e15b4abbffff,0,0,0,0,0,0,0,0,0,0
891e15b4ac3ffff,0,0,0,0,0,0,0,0,0,0
891e15b4ac7ffff,0,0,0,0,0,0,0,0,0,0
891e15b4acbffff,0,0,0,1,1,1,2,2,1,1
891e15b4acfffff,0,0,0,0,0,0,0,0,0,0
891e15b4ad3ffff,0,0,0,0,0,0,0,0,0,0
891e15b4ad7ffff,0,0,0,0,0,0,0,0,0,0
891e15b4adbffff,0,0,0,0,1,1,1,1,1,0
891e15b4b03ffff,0,0,0,0,0,0,0,0,0,0
891e15b4b07ffff,0,0,0,0,0,0,0,0,0,0
891e15b4b0bffff,0,0,0,0,0,0,0,0,0,0
891e15b4b0fffff,0,0,0,0,0,0,0,0,0,0
891e15b4b13ffff,0,0,0,0,0,0,0,0,0,0
891e15b4b17ffff,0,0,0,0,0,0,0,0,0,0
891e15b4b1bffff,0,0,0,0,0,0,0,0,0,0
891e15b4b23ffff,0,0,0,0,0,0,0,0,0,0
891e15b4b27ffff,0,0,0,0,0,0,0,0,0,0
891e15b4b2bffff,0,0,0,0,0,0,0,0,0,0
891e15b4b2fffff,0,0,0,0,0,0,0,0,0,0
891e15b4b33ffff,0,0,0,0,0,0,0,0,0,0
891e15b4b37ffff,0,0,0,0,0,0,0,0,0,0
891e15b4b3bffff,0,0,0,0,0,0,0,0,0,0
891e15b4b53ffff,0,0,0,0,0,0,0,0,0,0
891e15b4b57ffff,0,0,0,0,0,0,0,0,0,0
891e15b4b5bffff,0,0,0,0,0,0,0,0,0,0
891e15b4b77ffff,0,0,0,0,0,0,0,0,0,0
891e15b4b83ffff,0,0,0,0,0,0,0,0,0,0
891e15b4b87ffff,0,0,0,0,0,0,0,0,0,0
891e15b4b8bffff,0,0,0,0,0,0,0,0,0,0
891e15b4b8fffff,0,0,0,0,0,0,0,0,0,0
891e15b4b93ffff,0,0,0,0,0,0,0,0,0,0
891e15b4b97ffff,0,0,0,0,0,0,0,0,0,0
891e15b4b9bffff,0,0,0,0,0,0,0,0,0,0
891e15b4ba3ffff,0,0,0,0,0,0,0,0,0,0
891e15b4ba7ffff,0,0,0,0,0,0,0,0,0,0
891e15b4babffff,0,0,0,0,0,0,0,0,0,0
891e15b4bafffff,0,0,0,0,0,0,0,0,0,0
891e15b4bb3ffff,0,0,0,0,0,0,0,0,0,0
891e15b4bb7ffff,0,0,0,0,0,0,0,0,0,0
891e15b4bbbffff,0,0,0,0,0,0,0,0,0,0
891e15b4bc3ffff,0,0,0,0,0,0,0,0,0,0
891e15b4bc7ffff,0,0,0,0,0,0,0,0,0,0
891e15b4bcbffff,0,0,0,0,0,0,0,0,0,0
891e15b4bcfffff,0,0,0,0,0,0,0,0,0,0
891e15b4bd3ffff,0,0,0,0,0,0,0,0,0,0
891e15b4bd7ffff,0,0,0,0,0,0,0,0,0,0
891e15b4bdbffff,0,0,0,0,0,0,0,0,0,0
891e15b4c03ffff,0,0,0,0,0,0,0,0,0,0
891e15b4c07ffff,0,0,0,0,0,0,0,0,0,0
891e15b4c0bffff,0,0,0,0,0,0,0,0,0,0
891e15b4c0fffff,0,0,0,0,0,0,0,0,0,0
891e15b4c13ffff,0,0,0,0,0,0,0,0,0,0
891e15b4c17ffff,0,0,0,0,0,0,0,0,0,0
891e15b4c1bffff,0,0,0,0,0,0,0,0,1,1
891e15b4c23ffff,0,0,0,0,0,0,0,0,0,0
891e15b4c27ffff,0,0,0,0,0,0,0,0,0,0
891e15b4c2bffff,0,0,0,0,0,0,0,0,0,0
891e15b4c2fffff,0,0,0,0,0,0,0,0,0,0
891e15b4c33ffff,0,0,0,0,0,0,0,0,0,0
891e15b4c37ffff,0,0,0,0,0,0,0,0,0,0
891e15b4c3bffff,0,0,0,0,0,0,0,0,0,0
891e15b4c43ffff,0,0,0,0,0,0,0,0,0,0
891e15b4c47ffff,0,0,0,0,0,0,0,0,0,0
891e15b4c4bffff,0,0,0,0,0,0,0,0,0,0
891e15b4c4fffff,0,0,0,0,0,0,0,0,0,0
891e15b4c53ffff,0,0,0,0,0,0,0,0,0,0
891e15b4c57ffff,0,0,0,0,0,0,0,0,0,0
891e15b4c5bffff,0,0,0,0,0,0,0,0,0,0
891e15b4c63ffff,0,0,0,0,0,0,0,0,0,0
891e15b4c67ffff,0,0,0,0,0,0,0,0,0,0
891e15b4c6bffff,0,0,0,0,0,0,0,0,0,0
891e15b4c6fffff,0,0,0,0,0,0,0,0,0,0
891e15b4c73ffff,0,0,0,0,0,0,0,0,0,0
891e15b4c77ffff,0,0,0,0,0,0,0,0,0,0
891e15b4c7bffff,0,0,0,0,0,0,0,0,0,0
891e15b4c83ffff,0,0,0,0,1,1,1,1,1,0
891e15b4c87ffff,0,0,0,0,0,0,0,0,0,0
891e15b4c8bffff,0,0,0,0,0,0,0,0,0,0
891e15b4c8fffff,0,0,0,0,0,0,0,0,0,0
891e15b4c93ffff,0,0,0,0,0,0,0,0,0,0
891e15b4c97ffff,1,1,1,1,0,0,0,0,0,0
891e15b4c9bffff,0,0,0,0,0,0,0,0,0,0
891e15b4ca3ffff,0,0,0,0,0,0,0,0,0,0
891e15b4ca7ffff,0,0,0,0,0,0,0,0,0,0
891e15b4cabffff,0,0,0,0,0,0,0,0,0,0
891e15b4cafffff,0,0,0,0,0,0,0,0,0,0
891e15b4cb3ffff,1,1,1,0,0,0,0,0,0,0
891e15b4cb7ffff,0,0,0,0,0,0,0,0,0,0
891e15b4cbbffff,0,0,0,0,0,0,0,0,0,0
891e15b4cc3ffff,0,0,0,0,0,0,0,0,0,0
891e15b4cc7ffff,0,0,0,0,0,0,0,0,0,0
891e15b4ccbffff,0,0,0,0,0,0,0,0,0,0
891e15b4ccfffff,0,0,0,0,0,0,0,0,0,0
891e15b4cd3ffff,0,0,0,0,0,0,0,0,0,0
891e15b4cd7ffff,0,0,0,0,0,0,0,0,0,0
891e15b4cdbffff,0,0,0,0,0,0,0,0,0,0
891e15b4d03ffff,0,0,0,0,0,0,0,0,0,0
891e15b4d07ffff,0,0,0,0,1,1,1,1,0,0
891e15b4d0bffff,0,0,0,0,0,0,0,0,0,0
891e15b4d0fffff,0,0,0,0,0,0,0,0,0,0
891e15b4d13ffff,0,0,0,0,0,0,0,0,0,0
891e15b4d17ffff,0,0,0,0,0,0,0,0,0,0
891e15b4d1bffff,0,0,0,0,0,0,0,0,0,0
891e15b4d23ffff,0,0,0,0,0,0,0,0,0,0
891e15b4d27ffff,0,0,0,0,0,0,0,0,0,0
891e15b4d2bffff,0,0,0,0,0,0,0,0,0,0
891e15b4d2fffff,0,0,0,0,0,0,0,0,0,0
891e15b4d33ffff,0,0,0,0,0,0,0,0,0,0
891e15b4d37ffff,0,0,0,0,0,0,0,0,0,0
891e15b4d3bffff,0,0,0,0,0,0,0,0,0,0
891e15b4d43ffff,0,0,0,0,0,0,0,0,0,0
891e15b4d47ffff,0,0,0,0,0,0,0,0,0,0
891e15b4d4bffff,0,0,0,0,0,0,0,0,0,0
891e15b4d4fffff,0,0,0,0,0,0,0,0,0,0
891e15b4d53ffff,0,0,0,0,0,0,0,0,0,0
891e15b4d57ffff,0,0,0,0,0,0,0,0,0,0
891e15b4d5bffff,0,0,0,0,0,0,0,0,0,0
891e15b4d63ffff,0,0,0,0,0,0,0,0,0,0
891e15b4d67ffff,0,0,0,0,0,0,0,0,0,0
891e15b4d6bffff,0,0,0,0,0,0,0,0,0,0
891e15b4d6fffff,0,0,0,0,0,0,0,0,0,0
891e15b4d73ffff,0,0,0,0,0,0,0,0,0,0
891e15b4d77ffff,0,0,0,0,0,0,0,0,0,0
891e15b4d7bffff,0,0,0,0,0,0,0,0,0,0
891e15b4d83ffff,0,0,0,0,0,0,0,0,0,0
891e15b4d87ffff,0,0,0,0,0,0,0,0,0,0
891e15b4d8bffff,0,0,0,0,0,0,0,0,0,0
891e15b4d8fffff,0,0,0,0,0,0,0,1,1,0
891e15b4d93ffff,0,1,0,0,0,0,0,0,0,0
891e15b4d97ffff,0,0,0,0,0,0,0,0,0,0
891e15b4d9bffff,0,0,0,0,0,0,0,0,0,0
891e15b4da3ffff,0,0,0,0,2,1,1,1,1,1
891e15b4da7ffff,0,0,0,0,0,0,0,0,0,0
891e15b4dabffff,0,0,1,1,1,2,2,2,2,1
891e15b4dafffff,0,0,0,0,0,0,0,0,0,0
891e15b4db3ffff,0,1,1,1,0,0,0,0,1,0
891e15b4db7ffff,0,0,0,0,0,0,0,0,0,0
891e15b4dbbffff,2,2,2,2,1,1,0,0,0,0
891e15b4dc3ffff,0,0,0,0,0,0,0,0,0,0
891e15b4dc7ffff,0,0,0,0,0,0,0,0,0,0
891e15b4dcbffff,0,0,0,0,0,0,0,0,0,0
891e15b4dcfffff,0,0,0,0,0,0,0,0,0,0
891e15b4dd3ffff,0,0,0,0,0,0,0,0,0,0
891e15b4dd7ffff,0,0,0,0,0,0,0,0,0,0
891e15b4ddbffff,0,0,0,0,0,0,0,0,0,0
891e15b4e03ffff,0,0,0,0,0,0,0,0,0,0
891e15b4e07ffff,0,0,0,0,0,0,0,0,0,0
891e15b4e0bffff,0,0,0,0,0,0,0,0,0,0
891e15b4e0fffff,0,0,0,0,0,0,0,0,0,0
891e15b4e13ffff,0,0,0,0,0,0,0,0,0,0
891e15b4e17ffff,0,0,0,0,0,0,0,0,0,0
891e15b4e1bffff,0,0,0,0,0,0,0,0,0,0
891e15b4e23ffff,0,0,0,0,0,0,0,0,0,0
891e15b4e27ffff,0,0,0,0,0,0,0,0,0,0
891e15b4e2bffff,0,0,0,0,0,0,0,0,0,0
891e15b4e2fffff,0,0,0,0,0,0,0,0,0,0
891e15b4e33ffff,0,0,0,0,0,0,0,0,0,0
891e15b4e37ffff,0,0,0,0,0,0,0,0,0,0
891e15b4e3bffff,0,0,0,0,0,0,0,0,0,0
891e15b4e43ffff,0,0,0,0,0,0,0,0,0,0
891e15b4e47ffff,0,0,0,0,0,0,0,0,0,0
891e15b4e4bffff,0,0,0,0,0,0,0,0,0,0
891e15b4e4fffff,0,0,0,0,0,0,0,0,0,0
891e15b4e53ffff,0,0,0,0,0,0,0,0,0,0
891e15b4e57ffff,1,1,1,1,1,1,1,0,0,0
891e15b4e5bffff,0,0,0,0,0,0,0,0,0,0
891e15b4e63ffff,0,0,0,0,0,0,0,0,0,0
891e15b4e67ffff,0,0,0,0,0,0,0,0,0,0
891e15b4e6bffff,0,0,0,0,0,0,0,0,0,0
891e15b4e6fffff,0,0,0,0,0,0,0,0,0,0
891e15b4e73ffff,0,0,0,0,0,0,0,0,0,0
891e15b4e77ffff,0,0,0,0,0,0,0,0,0,0
891e15b4e7bffff,0,0,0,0,0,0,0,0,0,0
891e15b4e83ffff,0,0,0,0,0,0,0,0,0,0
891e15b4e87ffff,0,0,0,0,0,0,0,0,0,0
891e15b4e8bffff,0,0,0,0,0,0,0,0,0,0
891e15b4e8fffff,0,0,0,0,0,0,0,0,0,0
891e15b4e93ffff,0,0,0,0,0,0,0,0,0,0
891e15b4e97ffff,0,0,0,0,0,0,0,0,0,0
891e15b4e9bffff,0,0,0,0,0,0,0,0,0,0
891e15b4ea3ffff,0,0,0,0,0,0,0,0,0,0
891e15b4ea7ffff,0,0,0,0,0,0,0,0,0,0
891e15b4eabffff,0,0,0,0,0,0,0,0,0,0
891e15b4eafffff,0,0,0,0,0,0,0,0,0,0
891e15b4eb3ffff,0,0,0,0,0,0,0,0,0,0
891e15b4eb7ffff,0,0,0,0,0,0,0,0,0,0
891e15b4ebbffff,0,0,0,0,0,0,0,0,0,0
891e15b4ec3ffff,0,0,0,0,0,0,0,0,0,0
891e15b4ec7ffff,0,0,0,0,0,0,0,0,0,0
891e15b4ecbffff,0,0,0,0,0,0,0,0,0,0
891e15b4ecfffff,0,0,0,0,0,0,0,0,0,0
891e15b4ed3ffff,0,0,0,0,0,0,0,0,0,0
891e15b4ed7ffff,0,0,0,0,0,0,0,0,0,0
891e15b4edbffff,0,0,0,0,0,0,0,0,0,0
891e15b5003ffff,0,0,0,0,0,0,0,0,0,0
891e15b5007ffff,0,0,0,0,0,0,0,0,0,0
891e15b500bffff,0,0,0,0,0,0,0,0,0,0
891e15b500fffff,0,0,0,0,0,0,0,0,0,0
891e15b5013ffff,0,0,0,0,0,0,0,0,0,0
891e15b5017ffff,0,0,0,0,0,0,0,0,0,0
891e15b501bffff,0,0,0,0,0,0,0,0,0,0
891e15b5023ffff,0,1,0,0,0,0,0,0,0,0
891e15b5027ffff,0,0,0,0,0,0,0,0,0,0
891e15b502bffff,0,0,0,0,0,0,0,0,0,0
891e15b502fffff,0,0,0,0,0,0,0,0,0,0
891e15b5033ffff,0,0,0,0,0,0,0,0,0,0
891e15b5037ffff,0,0,0,0,0,0,0,0,0,0
891e15b503bffff,0,0,0,0,0,0,0,0,0,0
891e15b5043ffff,0,0,1,0,0,0,1,0,0,0
891e15b5047ffff,0,0,0,0,0,0,0,0,0,0
891e15b504bffff,0,0,0,0,0,0,0,0,0,0
891e15b504fffff,0,0,0,0,0,0,0,0,0,0
891e15b5053ffff,0,0,0,0,1,0,0,0,2,1
891e15b5057ffff,0,0,0,0,0,0,0,0,0,0
891e15b505bffff,0,0,3,4,3,0,0,0,6,9
891e15b5063ffff,1,1,1,1,1,1,0,0,2,2
891e15b5067ffff,0,0,0,0,0,0,0,1,0,0
891e15b506bffff,0,0,0,0,0,0,0,0,0,0
891e15b506fffff,0,0,0,0,0,0,0,1,18,11
891e15b5073ffff,0,0,0,0,0,0,0,1,0,0
891e15b5077ffff,0,0,0,0,0,0,0,0,0,0
891e15b507bffff,0,0,0,0,0,0,0,1,0,0
891e15b5083ffff,0,0,0,1,0,0,0,4,3,1
891e15b5087ffff,0,0,0,1,0,0,0,0,0,0
891e15b508bffff,0,0,0,0,0,0,0,0,0,0
891e15b508fffff,0,0,0,0,0,0,0,0,0,0
891e15b5093ffff,1,2,2,0,3,1,1,1,1,14
891e15b5097ffff,1,1,3,2,0,1,4,4,16,61
891e15b509bffff,0,0,0,0,0,0,0,0,0,0
891e15b50a3ffff,0,0,0,0,0,0,0,0,0,0
891e15b50a7ffff,0,0,0,0,0,0,0,0,0,0
891e15b50abffff,0,0,0,0,0,0,0,0,0,0
891e15b50afffff,0,0,1,0,0,0,0,0,0,0
891e15b50b3ffff,0,0,0,0,0,0,0,1,0,0
891e15b50b7ffff,0,0,1,0,0,0,0,0,0,0
891e15b50bbffff,0,0,0,0,0,0,0,0,0,0
891e15b50c3ffff,0,0,0,0,0,0,0,0,0,0
891e15b50c7ffff,0,0,0,0,0,0,0,0,0,0
891e15b50cbffff,0,0,0,0,0,0,0,0,0,0
891e15b50cfffff,0,0,0,0,0,0,0,0,0,0
891e15b50d3ffff,0,0,0,0,0,0,0,1,3,0
891e15b50d7ffff,0,0,0,0,0,0,0,0,0,0
891e15b50dbffff,0,0,0,1,0,0,0,1,0,0
891e15b5103ffff,1,1,0,0,0,0,0,0,0,0
891e15b5107ffff,0,0,0,0,0,0,1,0,0,0
891e15b510bffff,0,0,0,0,0,0,0,0,0,0
891e15b510fffff,1,0,0,1,0,1,1,1,0,0
891e15b5113ffff,0,0,0,0,0,0,0,0,0,0
891e15b5117ffff,1,1,1,1,0,0,17,0,0,0
891e15b511bffff,0,0,0,0,0,0,0,0,0,0
891e15b5123ffff,0,0,0,0,0,0,0,1,1,2
891e15b5127ffff,0,0,0,0,0,0,0,0,0,0
891e15b512bffff,0,0,0,0,1,0,0,0,0,0
891e15b512fffff,0,2,0,0,0,1,0,1,0,1
891e15b5133ffff,0,2,1,1,1,1,0,0,0,1
891e15b5137ffff,0,0,0,0,0,0,0,0,0,0
891e15b513bffff,0,0,0,0,0,0,0,0,0,0
891e15b5143ffff,0,0,0,0,0,0,0,0,0,0
891e15b5147ffff,0,0,0,0,0,0,0,0,0,0
891e15b514bffff,0,0,0,0,0,0,0,0,0,0
891e15b514fffff,0,0,0,0,0,0,0,0,0,0
891e15b5153ffff,0,0,0,0,0,0,0,0,0,0
891e15b5157ffff,0,0,0,0,0,0,0,0,0,0
891e15b515bffff,0,0,0,0,0,0,0,0,0,0
891e15b5163ffff,0,0,0,0,0,0,0,0,0,0
891e15b5167ffff,0,0,0,0,0,0,0,0,0,0
891e15b516bffff,0,0,0,0,0,0,0,0,0,0
891e15b516fffff,0,0,0,0,0,0,0,0,0,0
891e15b5173ffff,0,0,0,0,0,0,0,0,0,0
891e15b5177ffff,0,0,0,0,1,0,0,0,0,0
891e15b517bffff,0,0,0,0,0,0,0,0,0,0
891e15b5183ffff,1,4,3,5,6,5,4,5,4,2
891e15b5187ffff,6,7,9,13,17,16,17,17,15,16
891e15b518bffff,0,0,0,0,0,0,0,0,0,0
891e15b518fffff,0,5,6,3,3,3,21,44,43,45
891e15b5193ffff,0,1,1,3,2,0,1,4,3,3
891e15b5197ffff,0,7,8,10,11,10,11,14,16,10
891e15b519bffff,0,1,0,0,0,0,0,0,0,0
891e15b51a3ffff,0,0,1,0,0,0,0,0,1,0
891e15b51a7ffff,0,0,0,0,0,0,0,0,0,1
891e15b51abffff,0,0,0,0,0,0,0,0,0,0
891e15b51afffff,0,0,0,0,0,0,0,0,0,0
891e15b51b3ffff,0,0,2,0,2,3,3,4,4,2
891e15b51b7ffff,0,0,1,0,1,1,1,1,2,1
891e15b51bbffff,0,1,2,2,1,0,9,1,2,3
891e15b51c3ffff,0,0,0,0,0,0,0,0,0,0
891e15b51c7ffff,0,0,0,0,0,0,0,0,0,0
891e15b51cbffff,0,0,0,0,0,1,6,5,5,0
891e15b51cfffff,0,0,0,0,0,0,0,0,0,0
891e15b51d3ffff,0,0,0,0,0,0,0,0,0,0
891e15b51d7ffff,0,0,0,0,0,0,0,0,0,1
891e15b51dbffff,0,0,0,0,0,0,0,0,0,0
891e15b5203ffff,0,0,0,0,0,0,0,0,0,0
891e15b5207ffff,0,0,0,0,0,0,0,0,0,0
891e15b5213ffff,0,0,2,1,0,0,1,0,1,1
891e15b5217ffff,0,0,0,0,0,0,0,0,0,0
891e15b521bffff,0,0,0,1,1,2,1,3,1,0
891e15b5223ffff,0,0,0,0,0,0,0,0,0,0
891e15b5227ffff,0,0,0,0,0,0,0,0,0,0
891e15b5233ffff,0,0,0,0,0,0,0,0,0,0
891e15b5237ffff,0,0,0,0,0,0,0,0,0,0
891e15b523bffff,0,0,0,0,0,0,0,0,0,0
891e15b5243ffff,0,0,0,0,1,1,1,1,1,0
891e15b524bffff,0,1,2,2,0,0,0,0,1,1
891e15b5253ffff,0,0,0,2,2,2,2,0,1,2
891e15b5257ffff,0,0,0,0,0,0,0,1,0,0
891e15b525bffff,0,1,0,1,0,0,0,0,0,0
891e15b5283ffff,0,0,0,0,0,0,0,0,0,0
891e15b5287ffff,0,0,0,0,0,0,1,0,0,0
891e15b528bffff,0,0,0,0,1,0,0,0,0,0
891e15b528fffff,0,0,0,0,0,0,0,0,0,0
891e15b5293ffff,0,0,0,0,0,0,0,0,0,0
891e15b5297ffff,0,0,0,1,0,0,0,0,0,0
891e15b529bffff,0,1,1,1,1,1,1,1,1,0
891e15b52a3ffff,0,0,0,0,0,0,0,0,0,0
891e15b52a7ffff,0,0,0,1,1,0,0,0,0,0
891e15b52abffff,0,0,0,0,0,0,0,0,0,0
891e15b52afffff,0,0,0,0,0,0,0,0,0,0
891e15b52b3ffff,0,0,0,0,0,0,0,0,0,0
891e15b52b7ffff,0,0,0,0,0,0,0,0,0,0
891e15b52bbffff,0,0,0,0,0,0,0,0,0,0
891e15b52c3ffff,0,0,0,0,0,0,1,0,0,8
891e15b52c7ffff,0,0,0,0,0,0,0,0,0,0
891e15b52cbffff,1,0,0,0,0,0,0,1,3,18
891e15b52cfffff,0,0,0,0,0,1,3,2,1,3
891e15b52d3ffff,0,0,0,0,0,0,0,0,0,0
891e15b52d7ffff,0,0,0,0,0,0,0,1,0,0
891e15b52dbffff,0,0,0,0,0,0,4,0,1,1
891e15b5303ffff,0,0,0,0,0,0,0,0,0,0
891e15b5307ffff,0,0,0,0,0,0,0,0,0,0
891e15b530bffff,0,0,0,0,0,0,0,0,0,0
891e15b530fffff,0,0,0,0,0,0,0,0,0,0
891e15b5313ffff,0,0,0,0,0,0,0,0,0,0
891e15b5317ffff,0,0,0,0,0,0,0,0,0,0
891e15b531bffff,0,0,0,0,0,0,0,0,0,0
891e15b5323ffff,0,0,0,0,0,0,0,0,0,0
891e15b5327ffff,0,0,0,0,0,2,2,2,0,0
891e15b532bffff,0,0,0,0,0,0,0,0,0,0
891e15b532fffff,0,0,0,0,0,0,0,0,0,0
891e15b5333ffff,0,0,0,0,0,0,0,0,0,0
891e15b5337ffff,0,0,0,0,0,0,0,0,0,1
891e15b533bffff,0,0,0,0,0,0,0,0,0,0
891e15b5343ffff,0,0,0,0,0,0,0,0,0,0
891e15b5347ffff,0,0,0,0,0,0,0,0,0,0
891e15b534fffff,0,0,0,0,0,0,0,0,0,0
891e15b5353ffff,0,0,1,1,1,1,1,1,1,0
891e15b5357ffff,0,0,0,0,0,0,0,0,0,0
891e15b535bffff,0,0,0,0,0,0,0,0,0,0
891e15b5363ffff,0,0,0,0,0,0,0,0,0,0
891e15b5367ffff,0,0,0,0,0,0,0,0,0,0
891e15b536fffff,0,0,0,0,0,0,0,0,0,0
891e15b5373ffff,0,0,0,0,0,0,0,0,0,0
891e15b5377ffff,0,0,0,0,0,0,0,0,0,0
891e15b537bffff,0,0,0,0,0,0,0,0,0,0
891e15b5383ffff,1,1,0,0,0,0,0,0,1,0
891e15b5387ffff,0,0,0,0,0,0,0,0,0,0
891e15b538bffff,0,0,0,0,1,1,1,1,1,1
891e15b538fffff,0,0,0,0,0,0,0,0,0,0
891e15b5393ffff,0,0,0,0,0,0,0,0,0,0
891e15b5397ffff,0,0,0,0,0,0,0,0,0,0
891e15b539bffff,0,0,0,0,0,1,0,0,2,1
891e15b53a3ffff,0,0,0,0,0,0,0,0,0,0
891e15b53a7ffff,0,0,0,0,0,0,0,0,0,0
891e15b53abffff,0,0,0,0,0,0,0,0,0,0
891e15b53afffff,0,0,0,0,0,0,0,0,0,0
891e15b53b3ffff,0,0,0,0,0,1,0,0,0,0
891e15b53b7ffff,0,0,0,0,0,0,0,0,0,0
891e15b53bbffff,0,0,0,0,0,0,0,0,0,0
891e15b53c3ffff,0,0,0,0,0,0,0,0,0,0
891e15b53c7ffff,0,0,0,0,0,0,0,0,0,0
891e15b53cbffff,1,1,1,1,1,1,1,0,0,0
891e15b53cfffff,0,0,0,0,0,0,0,0,0,1
891e15b53d3ffff,0,0,0,0,0,0,0,0,0,0
891e15b53d7ffff,0,0,0,0,0,0,0,0,0,4
891e15b53dbffff,0,0,0,0,0,1,1,1,1,1
891e15b5403ffff,4,4,5,6,6,4,20,19,8,16
891e15b5407ffff,3,5,7,7,10,11,12,10,10,5
891e15b540bffff,0,1,2,5,7,7,11,8,7,7
891e15b540fffff,0,3,3,3,1,2,2,9,6,7
891e15b5413ffff,4,5,3,5,11,14,19,20,20,12
891e15b5417ffff,5,8,14,15,12,12,19,21,20,18
891e15b541bffff,1,3,2,4,6,5,5,8,9,8
891e15b5423ffff,1,0,0,0,0,0,0,0,0,0
891e15b5427ffff,0,0,0,0,0,0,0,0,0,0
891e15b542bffff,0,0,0,0,0,0,0,0,0,0
891e15b542fffff,2,1,0,0,0,0,1,1,0,43
891e15b5433ffff,1,1,1,2,2,3,3,3,3,1
891e15b5437ffff,0,0,0,0,0,0,0,0,0,0
891e15b543bffff,0,0,0,0,0,0,0,0,0,0
891e15b5443ffff,0,2,2,4,3,3,3,1,3,3
891e15b5447ffff,0,0,0,1,0,0,0,1,0,0
891e15b544bffff,0,2,1,2,2,1,0,0,1,0
891e15b544fffff,0,0,1,1,0,0,0,0,0,0
891e15b5453ffff,0,0,0,5,12,10,9,9,10,9
891e15b5457ffff,0,0,0,3,2,2,2,2,2,0
891e15b545bffff,2,2,1,1,1,1,2,3,4,3
891e15b5463ffff,0,0,0,0,0,0,0,0,0,0
891e15b5467ffff,0,0,0,0,0,0,0,0,0,0
891e15b546bffff,0,0,0,0,0,0,0,1,1,0
891e15b546fffff,0,0,0,0,0,0,0,0,0,0
891e15b5473ffff,2,2,2,3,2,2,1,0,1,0
891e15b5477ffff,0,0,0,0,0,0,0,0,0,0
891e15b547bffff,1,1,6,2,1,2,0,0,1,0
891e15b5483ffff,2,3,6,11,6,5,5,10,13,15
891e15b5487ffff,6,6,8,10,13,9,12,10,11,13
891e15b548bffff,9,10,14,12,10,18,19,21,28,27
891e15b548fffff,8,11,18,21,15,14,18,18,16,13
891e15b5493ffff,13,18,23,22,30,30,38,49,39,29
891e15b5497ffff,25,29,35,32,26,29,27,37,43,47
891e15b549bffff,7,17,14,24,17,14,22,28,25,31
891e15b54a3ffff,4,6,5,8,3,3,12,21,22,10
891e15b54a7ffff,13,14,15,23,20,21,33,39,25,19
891e15b54abffff,6,7,10,14,17,15,11,17,28,15
891e15b54afffff,7,5,5,14,14,10,25,38,17,11
891e15b54b3ffff,9,10,13,20,23,22,27,27,32,15
891e15b54b7ffff,12,17,16,27,20,35,52,54,48,49
891e15b54bbffff,13,14,20,55,47,43,86,75,57,47
891e15b54c3ffff,1,1,1,0,0,0,0,0,0,0
891e15b54c7ffff,5,8,10,9,7,19,19,21,20,18
891e15b54cbffff,0,1,1,6,5,5,9,11,9,4
891e15b54cfffff,2,2,2,12,8,9,9,9,9,7
891e15b54d3ffff,0,0,0,0,0,0,1,1,0,0
891e15b54d7ffff,8,11,10,10,7,6,17,19,20,20
891e15b54dbffff,0,0,0,0,0,0,0,0,0,0
891e15b5503ffff,4,9,16,17,11,14,15,20,19,12
891e15b5507ffff,7,12,11,18,13,17,31,32,34,27
891e15b550bffff,0,3,2,3,3,6,7,10,7,6
891e15b550fffff,16,19,23,18,10,19,25,31,30,38
891e15b5513ffff,3,1,1,3,1,1,1,2,0,2
891e15b5517ffff,5,6,10,12,10,10,16,15,24,27
891e15b551bffff,1,2,3,11,6,8,8,19,16,12
891e15b5523ffff,15,18,29,27,29,38,51,70,55,77
891e15b5527ffff,18,25,17,25,12,15,20,37,48,38
891e15b552bffff,6,8,22,8,5,6,15,21,26,27
891e15b552fffff,7,9,17,10,7,5,12,20,21,25
891e15b5533ffff,12,12,13,24,22,25,42,46,41,21
891e15b5537ffff,7,6,12,15,12,19,28,33,33,36
891e15b553bffff,9,9,12,12,13,17,19,19,16,22
891e15b5543ffff,0,1,3,0,1,0,2,0,2,1
891e15b5547ffff,0,0,0,0,0,1,0,0,0,0
891e15b554bffff,0,0,0,0,0,0,1,5,3,3
891e15b554fffff,0,0,0,0,0,0,0,1,0,1
891e15b5553ffff,1,4,6,4,7,3,41,12,16,16
891e15b5557ffff,3,9,9,12,11,13,13,19,17,22
891e15b555bffff,0,0,2,0,0,1,4,3,5,5
891e15b5563ffff,2,3,3,1,1,3,4,5,2,2
891e15b5567ffff,0,1,5,6,5,9,13,16,9,11
891e15b556bffff,1,2,1,0,0,0,0,0,0,0
891e15b556fffff,0,1,1,0,0,0,0,0,1,0
891e15b5573ffff,2,1,4,7,2,5,5,7,6,5
891e15b5577ffff,4,5,6,11,8,8,11,12,16,17
891e15b557bffff,0,0,2,0,0,0,1,0,1,0
891e15b5583ffff,23,27,38,43,46,61,85,115,96,48
891e15b5587ffff,20,20,25,23,16,12,17,23,19,22
891e15b558bffff,2,4,5,5,9,20,7,15,11,5
891e15b558fffff,1,1,1,2,2,3,1,1,3,3
891e15b5593ffff,16,30,39,30,18,17,32,31,27,28
891e15b5597ffff,17,22,16,19,22,22,24,27,32,27
891e15b559bffff,12,28,28,23,17,18,17,19,25,26
891e15b55a3ffff,7,8,10,7,30,30,33,31,35,29
891e15b55a7ffff,27,28,32,22,30,20,26,46,65,62
891e15b55abffff,5,7,10,12,10,10,18,24,21,18
891e15b55afffff,5,5,7,12,18,24,57,55,53,45
891e15b55b3ffff,2,2,3,3,4,4,4,6,4,3
891e15b55b7ffff,1,5,9,7,7,10,24,37,37,29
891e15b55bbffff,3,3,4,7,7,7,12,17,17,18
891e15b55c3ffff,0,0,0,0,0,0,0,0,0,0
891e15b55c7ffff,2,2,4,10,10,7,2,22,22,21
891e15b55cbffff,0,0,0,1,0,0,0,1,0,0
891e15b55cfffff,4,7,12,10,15,19,12,16,17,11
891e15b55d3ffff,2,1,1,1,2,1,1,2,1,0
891e15b55d7ffff,2,6,6,6,2,4,4,7,7,8
891e15b55dbffff,0,0,0,0,1,2,1,1,0,2
891e15b5603ffff,0,0,0,0,0,0,0,0,0,0
891e15b5607ffff,0,0,0,0,0,0,0,0,0,1
891e15b560bffff,0,0,1,0,0,0,0,0,0,0
891e15b560fffff,0,0,0,0,0,0,0,0,0,0
891e15b5613ffff,1,0,0,1,2,2,2,2,1,2
891e15b5617ffff,0,0,0,0,0,0,0,0,0,0
891e15b561bffff,0,0,0,0,0,0,0,1,0,0
891e15b5623ffff,1,1,1,1,0,0,0,0,0,0
891e15b5627ffff,0,0,0,0,0,0,0,0,0,0
891e15b562bffff,0,0,0,0,0,0,1,0,0,0
891e15b562fffff,0,0,0,0,0,0,0,0,0,0
891e15b5633ffff,0,0,0,0,0,0,0,0,0,0
891e15b5637ffff,1,0,0,0,0,0,0,1,0,0
891e15b563bffff,0,0,0,0,0,0,0,0,0,0
891e15b5643ffff,0,0,0,0,0,0,0,0,0,0
891e15b5647ffff,0,0,1,1,1,0,1,1,1,1
891e15b564bffff,0,0,0,0,0,0,0,3,5,6
891e15b564fffff,0,0,0,0,0,0,0,0,0,1
891e15b5653ffff,0,1,1,0,0,0,0,0,1,1
891e15b5657ffff,0,0,0,0,0,0,1,1,1,1
891e15b565bffff,0,0,0,0,0,0,1,0,0,0
891e15b5663ffff,0,0,0,0,0,0,2,2,1,1
891e15b5667ffff,0,0,0,0,0,0,0,0,0,0
891e15b566bffff,0,0,0,0,0,0,0,0,0,0
891e15b566fffff,0,0,0,0,0,0,0,0,0,0
891e15b5673ffff,0,0,1,0,0,0,2,0,0,0
891e15b5677ffff,0,0,0,0,1,0,0,0,0,0
891e15b567bffff,0,0,2,0,0,0,0,0,0,0
891e15b5683ffff,0,0,0,0,0,0,0,0,0,2
891e15b5687ffff,0,0,0,0,1,1,31,45,45,31
891e15b568bffff,0,0,0,0,17,19,19,9,10,10
891e15b568fffff,0,0,0,0,0,0,0,0,0,0
891e15b5693ffff,0,0,1,1,2,1,1,0,1,1
891e15b5697ffff,2,2,3,3,1,1,3,4,6,6
891e15b569bffff,0,1,2,1,1,1,1,0,0,0
891e15b56a3ffff,0,0,0,0,0,0,0,0,0,0
891e15b56a7ffff,0,0,1,2,1,1,1,1,1,0
891e15b56abffff,0,0,0,0,0,0,0,0,0,0
891e15b56afffff,0,0,0,0,0,0,1,0,0,0
891e15b56b3ffff,0,0,0,0,0,0,0,0,0,0
891e15b56b7ffff,2,0,4,0,0,1,1,0,0,0
891e15b56bbffff,0,0,1,0,0,0,1,6,8,0
891e15b56c3ffff,0,0,0,1,2,3,3,4,5,1
891e15b56c7ffff,0,0,0,0,0,1,0,0,0,0
891e15b56cbffff,0,0,0,0,0,0,0,0,0,0
891e15b56cfffff,0,0,1,0,0,0,1,1,0,0
891e15b56d3ffff,0,0,0,0,0,0,0,0,0,0
891e15b56d7ffff,0,0,0,1,0,0,0,0,0,0
891e15b56dbffff,0,0,0,0,0,0,2,1,0,0
891e15b5803ffff,0,0,0,0,0,0,0,0,0,0
891e15b5807ffff,0,0,0,0,0,0,0,0,0,0
891e15b580bffff,0,0,0,0,0,0,0,0,0,0
891e15b580fffff,0,0,0,0,0,0,0,0,0,0
891e15b5813ffff,0,0,0,0,0,0,0,0,0,0
891e15b5817ffff,0,0,0,0,0,0,0,0,0,0
891e15b581bffff,0,0,0,0,0,0,0,0,0,0
891e15b5823ffff,0,0,0,0,0,0,0,0,0,0
891e15b5827ffff,0,0,0,0,0,0,0,0,0,0
891e15b5833ffff,0,0,0,0,0,0,0,0,0,0
891e15b5837ffff,0,0,0,0,0,0,0,0,0,0
891e15b583bffff,0,0,0,0,0,0,0,0,0,0
891e15b5843ffff,0,0,0,0,0,0,0,0,0,0
891e15b5847ffff,0,0,0,0,0,0,0,0,0,0
891e15b584bffff,0,0,0,0,0,0,0,0,0,0
891e15b584fffff,0,0,0,0,0,0,0,0,0,0
891e15b5853ffff,0,0,0,0,0,0,0,0,0,0
891e15b5857ffff,0,0,0,0,0,0,0,0,0,0
891e15b585bffff,0,0,0,0,0,0,0,0,0,0
891e15b586bffff,0,0,0,0,0,0,0,0,0,0
891e15b5873ffff,0,0,0,0,0,0,0,0,0,0
891e15b587bffff,0,0,0,0,0,0,0,0,0,0
891e15b5883ffff,0,0,0,0,0,0,0,0,0,0
891e15b5887ffff,0,0,0,0,0,0,0,0,0,0
891e15b588bffff,0,0,0,0,0,0,0,0,0,0
891e15b588fffff,0,0,0,0,0,0,0,0,0,0
891e15b5893ffff,0,0,0,0,0,0,0,0,0,0
891e15b5897ffff,0,0,0,0,0,0,0,0,0,0
891e15b589bffff,0,0,0,0,0,0,0,0,0,0
891e15b58a3ffff,0,0,0,0,0,0,0,0,0,0
891e15b58a7ffff,0,0,0,0,0,0,0,0,0,0
891e15b58abffff,0,0,0,0,0,0,0,0,0,0
891e15b58afffff,0,0,0,0,0,0,0,0,0,0
891e15b58b3ffff,0,0,0,0,0,0,0,0,0,0
891e15b58b7ffff,0,0,0,0,0,0,0,0,0,0
891e15b58bbffff,0,0,0,0,0,0,0,0,0,0
891e15b58c3ffff,0,0,0,0,0,0,0,0,0,0
891e15b58c7ffff,0,0,0,0,0,0,0,0,0,0
891e15b58cbffff,0,0,0,0,0,0,0,0,0,0
891e15b58cfffff,0,0,0,0,0,0,0,0,0,0
891e15b58d3ffff,0,0,0,0,0,0,0,0,0,0
891e15b58d7ffff,0,0,0,0,0,0,0,0,0,0
891e15b58dbffff,0,0,0,0,0,0,0,0,0,0
891e15b5913ffff,0,0,0,0,0,0,0,0,0,0
891e15b5953ffff,0,0,0,0,0,0,0,0,0,0
891e15b5983ffff,0,0,0,0,0,0,0,0,0,0
891e15b5987ffff,0,0,0,0,0,0,0,0,0,0
891e15b598bffff,0,0,0,1,1,1,0,0,0,0
891e15b598fffff,0,0,0,0,0,0,0,1,1,1
891e15b5993ffff,0,0,0,0,0,0,0,0,0,0
891e15b5997ffff,0,0,0,0,0,0,0,0,0,0
891e15b599bffff,0,0,0,0,0,0,0,0,0,0
891e15b59c3ffff,0,0,0,0,0,0,0,0,0,0
891e15b59c7ffff,0,0,0,0,0,0,0,0,0,0
891e15b59cbffff,0,0,0,0,0,0,0,0,0,0
891e15b59cfffff,0,0,0,0,0,0,0,0,0,0
891e15b59d3ffff,0,0,0,0,0,0,0,0,0,0
891e15b59d7ffff,0,0,0,0,0,0,0,0,0,0
891e15b59dbffff,0,0,0,0,0,0,0,0,0,0
891e15b5a03ffff,0,0,0,0,0,0,0,0,0,0
891e15b5a07ffff,0,0,0,0,0,0,0,0,0,0
891e15b5a13ffff,0,0,0,0,0,0,0,0,0,0
891e15b5a17ffff,0,0,0,0,0,0,0,0,0,0
891e15b5a1bffff,0,0,0,0,0,0,0,0,0,0
891e15b5a33ffff,0,0,0,0,0,0,0,0,0,0
891e15b5a37ffff,0,0,0,0,0,0,0,0,0,0
891e15b5a57ffff,0,0,0,0,0,0,0,0,0,0
891e15b5a83ffff,0,0,0,0,0,0,0,0,0,0
891e15b5a87ffff,0,0,0,0,0,0,0,0,0,0
891e15b5a8bffff,0,0,0,0,0,0,0,0,0,0
891e15b5a8fffff,0,0,0,0,0,0,0,0,0,0
891e15b5a93ffff,0,0,0,0,0,0,0,0,0,0
891e15b5a97ffff,0,1,1,1,1,1,1,1,1,1
891e15b5a9bffff,0,0,0,0,0,0,0,0,0,0
891e15b5aa3ffff,0,0,0,0,0,0,0,0,0,0
891e15b5aa7ffff,0,0,0,0,0,0,0,0,0,0
891e15b5aabffff,0,0,0,0,0,0,0,0,0,0
891e15b5aafffff,0,0,0,0,0,0,0,0,0,0
891e15b5ab3ffff,0,0,0,0,0,0,0,0,0,0
891e15b5ab7ffff,0,0,0,0,0,0,0,1,1,1
891e15b5abbffff,0,0,0,0,0,0,0,0,0,0
891e15b5ac3ffff,0,0,0,0,0,0,0,0,0,0
891e15b5ac7ffff,0,0,0,0,0,0,0,0,0,0
891e15b5acfffff,0,0,0,0,0,0,0,0,0,0
891e15b5ad3ffff,0,0,0,0,0,0,0,0,0,0
891e15b5ad7ffff,0,0,0,0,0,0,0,0,0,0
891e15b5adbffff,0,0,0,0,0,0,0,0,0,0
891e15b5bcbffff,0,0,0,0,0,0,0,0,0,0
891e15b5bdbffff,0,0,0,0,0,0,0,0,0,0
891e15b5c03ffff,0,0,0,0,0,0,0,0,0,0
891e15b5c07ffff,0,0,0,0,0,0,0,0,0,0
891e15b5c0bffff,0,0,0,0,0,0,0,0,0,0
891e15b5c0fffff,0,0,0,0,0,0,0,0,0,0
891e15b5c13ffff,0,0,1,0,0,0,0,0,0,0
891e15b5c17ffff,9,9,1,10,2,0,0,0,0,0
891e15b5c1bffff,0,0,0,0,0,0,0,0,0,0
891e15b5c23ffff,0,0,0,0,0,0,0,0,0,0
891e15b5c27ffff,0,0,0,0,0,0,0,0,0,0
891e15b5c2bffff,0,0,0,0,0,0,0,0,0,0
891e15b5c2fffff,0,0,0,0,0,0,0,0,0,0
891e15b5c33ffff,0,0,0,0,0,0,0,0,0,0
891e15b5c37ffff,0,0,0,0,0,0,0,0,0,0
891e15b5c3bffff,0,0,0,0,0,0,0,0,0,0
891e15b5c43ffff,0,3,0,0,0,0,0,0,4,6
891e15b5c47ffff,0,0,0,0,0,0,0,0,0,0
891e15b5c4bffff,0,0,0,0,0,0,0,0,0,0
891e15b5c4fffff,0,0,0,0,0,0,0,0,0,0
891e15b5c53ffff,0,0,0,0,0,0,0,0,0,0
891e15b5c57ffff,0,0,0,0,0,0,0,0,0,0
891e15b5c5bffff,0,0,0,0,0,0,0,1,1,1
891e15b5c63ffff,0,0,0,0,0,0,0,0,0,0
891e15b5c67ffff,0,0,0,0,0,0,0,0,0,0
891e15b5c6bffff,0,0,0,0,0,0,0,0,0,0
891e15b5c6fffff,0,0,0,0,0,0,0,0,0,0
891e15b5c73ffff,0,0,0,0,0,0,0,0,0,0
891e15b5c77ffff,0,0,0,0,0,0,0,0,0,0
891e15b5c7bffff,0,0,0,0,0,0,0,0,0,0
891e15b5c83ffff,0,0,0,1,0,0,0,2,1,1
891e15b5c87ffff,1,0,0,0,0,0,0,0,0,0
891e15b5c8bffff,0,0,0,0,0,0,0,0,0,0
891e15b5c8fffff,0,0,0,0,0,0,0,0,0,0
891e15b5c93ffff,0,0,0,0,1,1,0,0,1,0
891e15b5c97ffff,1,1,3,5,3,3,10,14,11,10
891e15b5c9bffff,0,0,0,0,0,0,0,0,0,0
891e15b5ca3ffff,0,0,1,1,0,0,1,0,1,1
891e15b5ca7ffff,0,0,0,0,0,0,1,1,1,1
891e15b5cabffff,0,0,0,0,0,0,0,0,0,0
891e15b5cafffff,0,0,0,1,0,0,0,0,0,0
891e15b5cb3ffff,0,5,4,2,7,6,1,1,1,3
891e15b5cb7ffff,0,2,0,2,7,7,0,0,3,4
891e15b5cbbffff,0,0,0,0,1,1,1,1,1,1
891e15b5cc3ffff,0,0,0,0,0,0,0,0,0,1
891e15b5cc7ffff,0,0,3,4,4,4,4,2,1,0
891e15b5ccbffff,0,1,1,1,1,1,0,0,0,1
891e15b5ccfffff,0,0,0,0,0,1,1,1,1,1
891e15b5cd3ffff,0,0,0,0,0,0,0,0,0,0
891e15b5cd7ffff,0,0,0,0,0,0,0,0,0,0
891e15b5cdbffff,1,0,0,0,0,0,0,0,0,0
891e15b5d03ffff,0,0,0,0,0,0,1,0,0,0
891e15b5d07ffff,0,0,0,0,0,0,0,0,0,0
891e15b5d0bffff,0,0,0,0,0,0,0,0,0,0
891e15b5d0fffff,0,0,0,0,0,0,0,1,0,0
891e15b5d13ffff,0,0,0,0,0,0,0,0,1,1
891e15b5d17ffff,0,0,0,0,0,0,0,0,0,0
891e15b5d1bffff,0,0,0,0,0,0,0,0,0,0
891e15b5d23ffff,0,0,0,0,0,0,0,0,0,0
891e15b5d27ffff,1,2,1,1,1,1,1,1,0,1
891e15b5d2bffff,0,0,0,0,0,0,0,0,0,0
891e15b5d2fffff,1,1,1,1,1,1,1,2,1,0
891e15b5d33ffff,1,0,0,0,0,1,0,1,1,0
891e15b5d37ffff,0,1,1,1,0,0,0,3,2,2
891e15b5d3bffff,0,0,0,0,0,0,1,0,1,1
891e15b5d43ffff,0,0,0,0,0,0,0,0,0,0
891e15b5d47ffff,0,0,0,0,0,0,0,4,0,0
891e15b5d4bffff,0,0,0,0,0,0,0,0,0,0
891e15b5d4fffff,0,0,0,0,0,0,0,0,0,0
891e15b5d53ffff,0,0,0,0,0,0,0,0,0,0
891e15b5d57ffff,0,0,0,0,0,0,0,0,0,0
891e15b5d5bffff,0,0,0,0,0,0,0,0,0,0
891e15b5d63ffff,0,0,0,0,0,0,0,0,0,0
891e15b5d67ffff,1,1,0,0,0,0,0,0,0,0
891e15b5d6bffff,0,0,0,0,0,0,0,0,0,0
891e15b5d6fffff,0,0,0,0,0,0,0,0,0,0
891e15b5d73ffff,0,0,0,0,0,0,0,0,0,0
891e15b5d77ffff,0,1,1,0,0,0,0,0,0,0
891e15b5d7bffff,0,0,0,0,0,0,0,0,0,0
891e15b5d83ffff,0,0,0,0,0,0,0,0,0,0
891e15b5d87ffff,0,0,0,0,0,0,0,0,0,0
891e15b5d8bffff,0,0,0,0,0,0,0,0,0,0
891e15b5d8fffff,0,0,0,0,0,0,0,0,0,0
891e15b5d93ffff,0,0,0,0,0,0,0,0,0,0
891e15b5d97ffff,0,0,0,0,0,0,0,0,0,0
891e15b5d9bffff,0,0,0,0,0,0,0,0,0,0
891e15b5da3ffff,0,0,0,0,0,0,0,0,0,0
891e15b5da7ffff,0,0,0,0,0,0,0,0,0,0
891e15b5dabffff,0,0,0,0,0,0,0,0,0,0
891e15b5dafffff,0,0,0,0,0,0,0,0,0,0
891e15b5db3ffff,0,0,0,0,0,0,0,0,0,0
891e15b5db7ffff,0,0,0,0,0,0,0,0,0,0
891e15b5dbbffff,0,0,0,0,0,0,0,0,0,0
891e15b5dc3ffff,0,0,0,0,0,0,0,0,0,0
891e15b5dc7ffff,0,0,0,0,0,0,0,0,0,0
891e15b5dcbffff,0,0,0,1,0,0,0,0,0,0
891e15b5dcfffff,0,0,0,0,1,0,0,0,0,0
891e15b5dd3ffff,0,0,0,0,0,0,0,0,0,0
891e15b5dd7ffff,0,0,0,0,0,0,0,0,0,0
891e15b5ddbffff,0,0,0,0,2,3,2,3,3,2
891e15b5e03ffff,0,1,1,2,7,2,7,6,1,0
891e15b5e07ffff,0,0,0,2,1,0,3,4,4,5
891e15b5e0bffff,0,0,0,0,0,0,0,1,2,0
891e15b5e0fffff,3,0,0,1,0,0,0,1,6,0
891e15b5e13ffff,0,0,1,4,2,0,2,2,2,2
891e15b5e17ffff,0,0,0,1,1,2,2,3,0,2
891e15b5e1bffff,0,0,1,2,0,0,0,0,1,1
891e15b5e23ffff,0,0,0,0,0,0,0,0,0,0
891e15b5e27ffff,0,0,0,0,0,0,0,0,0,0
891e15b5e2bffff,0,0,0,0,0,0,0,0,0,0
891e15b5e2fffff,0,0,0,0,0,0,0,0,0,0
891e15b5e33ffff,0,0,0,0,0,1,2,2,2,2
891e15b5e37ffff,0,0,0,0,0,0,0,1,0,0
891e15b5e3bffff,0,0,0,1,3,1,1,1,2,1
891e15b5e43ffff,0,0,0,0,0,0,0,0,0,1
891e15b5e47ffff,1,1,1,0,0,0,0,0,0,0
891e15b5e4bffff,0,0,0,0,0,0,0,0,0,0
891e15b5e4fffff,0,0,0,0,0,0,0,0,0,0
891e15b5e53ffff,0,0,0,0,1,4,3,0,0,0
891e15b5e57ffff,0,0,1,1,0,0,0,0,0,0
891e15b5e5bffff,0,0,0,0,0,0,1,1,0,0
891e15b5e63ffff,0,0,0,0,0,0,0,0,0,0
891e15b5e67ffff,0,0,0,0,0,0,0,0,0,0
891e15b5e6bffff,0,0,0,0,0,0,0,0,0,0
891e15b5e6fffff,0,0,0,0,0,0,0,0,0,0
891e15b5e73ffff,0,0,0,0,0,0,0,0,0,0
891e15b5e77ffff,1,0,0,0,0,0,0,0,0,0
891e15b5e7bffff,0,0,0,0,0,0,0,0,0,0
891e15b5e83ffff,0,0,0,0,0,0,0,0,0,0
891e15b5e87ffff,0,0,0,0,0,0,0,0,0,0
891e15b5e8bffff,1,0,0,0,0,0,0,0,0,0
891e15b5e8fffff,0,0,0,0,0,0,0,0,0,0
891e15b5e93ffff,0,0,0,0,0,0,0,0,0,0
891e15b5e97ffff,0,0,0,0,0,0,0,0,0,0
891e15b5e9bffff,0,0,1,0,0,0,0,0,0,0
891e15b5ea3ffff,0,0,0,0,0,0,0,0,0,0
891e15b5ea7ffff,0,0,0,0,0,0,0,0,0,0
891e15b5eabffff,0,0,0,0,0,2,6,6,7,16
891e15b5eafffff,0,0,0,0,0,0,0,0,0,0
891e15b5eb3ffff,0,0,0,0,0,0,0,0,0,0
891e15b5eb7ffff,0,0,0,0,0,0,0,0,0,0
891e15b5ebbffff,0,0,0,0,0,0,0,0,0,0
891e15b5ec3ffff,0,0,0,1,0,0,0,1,2,0
891e15b5ec7ffff,0,0,0,0,0,0,0,0,0,0
891e15b5ecbffff,0,1,2,3,2,2,2,2,2,1
891e15b5ecfffff,0,0,0,0,0,0,0,0,0,0
891e15b5ed3ffff,0,1,2,1,1,2,2,2,2,2
891e15b5ed7ffff,0,0,0,0,0,0,0,0,0,0
891e15b5edbffff,0,0,0,0,1,0,3,1,1,1
891e15b6003ffff,0,1,1,0,0,0,0,0,0,0
891e15b6007ffff,0,0,0,0,0,0,0,0,0,0
891e15b600bffff,0,0,0,0,0,0,0,0,0,0
891e15b600fffff,0,1,1,1,0,0,0,0,0,0
891e15b6013ffff,0,2,1,0,0,0,1,0,0,0
891e15b6017ffff,0,1,1,1,0,0,0,0,0,0
891e15b601bffff,0,0,0,0,0,0,0,0,0,0
891e15b6023ffff,0,0,0,0,0,0,0,0,0,0
891e15b6027ffff,0,0,0,0,0,0,1,2,2,1
891e15b602bffff,1,1,1,1,1,1,0,1,0,0
891e15b602fffff,2,4,3,3,2,2,1,2,2,1
891e15b6033ffff,0,0,0,0,0,0,0,1,1,2
891e15b6037ffff,0,0,1,0,0,1,1,1,1,0
891e15b603bffff,0,0,0,1,1,1,1,2,3,3
891e15b6043ffff,0,0,0,0,0,0,0,0,0,0
891e15b6047ffff,0,0,0,0,0,0,0,0,0,0
891e15b604bffff,2,1,1,0,1,1,1,5,7,5
891e15b604fffff,0,1,1,0,0,0,0,0,1,0
891e15b6053ffff,1,1,1,1,0,0,0,0,0,1
891e15b6057ffff,0,0,0,0,0,0,0,0,0,0
891e15b605bffff,0,1,1,1,1,1,2,1,2,0
891e15b6063ffff,0,0,0,0,0,0,0,0,0,0
891e15b6067ffff,0,2,0,2,3,2,2,2,2,3
891e15b606bffff,0,0,0,0,0,0,0,0,0,0
891e15b606fffff,0,0,0,0,0,0,0,0,0,0
891e15b6073ffff,0,0,0,0,0,0,0,0,0,0
891e15b6077ffff,0,0,0,0,0,0,0,0,0,0
891e15b607bffff,0,0,0,0,0,0,0,0,0,0
891e15b6083ffff,1,1,2,2,0,0,1,1,1,12
891e15b6087ffff,1,3,0,2,2,2,3,2,3,3
891e15b608bffff,0,0,0,0,0,0,0,4,7,5
891e15b608fffff,2,4,3,1,2,1,2,7,2,1
891e15b6093ffff,2,2,2,1,0,1,1,0,1,1
891e15b6097ffff,0,1,0,0,0,0,0,0,0,0
891e15b609bffff,1,0,1,1,2,1,1,1,0,2
891e15b60a3ffff,2,3,2,2,1,2,5,4,2,1
891e15b60a7ffff,1,4,3,6,9,7,10,10,18,9
891e15b60abffff,0,0,0,0,0,0,0,0,0,0
891e15b60afffff,1,1,2,2,3,3,2,3,1,1
891e15b60b3ffff,2,4,1,0,3,3,4,3,2,3
891e15b60b7ffff,6,6,4,5,4,2,3,10,6,7
891e15b60bbffff,2,3,3,2,2,1,2,3,4,1
891e15b60c3ffff,0,0,0,0,0,0,0,0,0,0
891e15b60c7ffff,0,0,0,0,0,0,0,0,0,0
891e15b60cbffff,0,0,0,0,0,0,0,0,0,0
891e15b60cfffff,0,0,0,0,0,0,0,0,0,0
891e15b60d3ffff,0,0,0,0,0,0,0,0,0,0
891e15b60d7ffff,0,0,0,0,0,0,0,0,1,1
891e15b60dbffff,0,0,0,0,0,0,0,0,0,0
891e15b6103ffff,0,2,3,2,0,2,2,1,1,3
891e15b6107ffff,0,0,0,0,3,4,4,4,5,4
891e15b610bffff,0,0,0,0,1,1,1,1,1,1
891e15b610fffff,4,3,2,3,2,5,6,6,7,3
891e15b6113ffff,0,0,0,0,0,0,0,1,1,0
891e15b6117ffff,1,1,1,1,0,0,0,4,4,4
891e15b611bffff,0,0,0,1,1,1,1,1,0,0
891e15b6123ffff,5,5,10,11,7,6,8,13,4,8
891e15b6127ffff,1,2,1,4,2,1,1,2,2,2
891e15b612bffff,1,2,7,8,1,4,5,23,8,8
891e15b612fffff,3,3,3,2,2,3,4,6,4,3
891e15b6133ffff,2,2,5,6,3,3,3,4,3,3
891e15b6137ffff,0,1,3,4,0,0,2,3,2,1
891e15b613bffff,2,4,5,7,6,5,7,6,8,10
891e15b6143ffff,0,0,3,0,0,0,0,0,0,0
891e15b6147ffff,0,1,0,0,1,0,0,0,0,1
891e15b614bffff,0,0,0,0,0,0,0,0,0,0
891e15b614fffff,5,3,0,7,6,4,6,7,6,1
891e15b6153ffff,1,0,0,0,0,0,0,0,0,0
891e15b6157ffff,0,0,0,0,0,0,0,0,0,0
891e15b615bffff,0,0,0,0,0,0,0,0,0,0
891e15b6163ffff,0,0,0,0,0,0,10,15,12,9
891e15b6167ffff,1,1,1,1,5,2,1,2,3,1
891e15b616bffff,2,4,4,1,0,0,3,4,6,5
891e15b616fffff,1,2,3,4,4,4,6,5,5,6
891e15b6173ffff,2,3,2,1,1,1,0,0,0,1
891e15b6177ffff,0,0,0,0,0,0,1,0,0,0
891e15b617bffff,0,0,0,1,3,2,3,3,2,1
891e15b6183ffff,0,0,0,0,0,0,0,0,0,0
891e15b6187ffff,0,0,0,0,0,0,0,1,2,0
891e15b618bffff,0,0,0,0,0,0,1,1,1,0
891e15b618fffff,0,0,0,0,0,0,0,0,0,0
891e15b6193ffff,0,0,0,0,3,1,3,1,1,2
891e15b6197ffff,0,0,0,0,0,0,0,0,0,0
891e15b619bffff,0,0,0,0,3,2,2,1,1,1
891e15b61a3ffff,0,0,0,0,0,0,0,0,0,0
891e15b61a7ffff,0,0,0,0,0,0,1,2,3,4
891e15b61abffff,1,0,0,0,1,0,0,0,0,0
891e15b61afffff,0,0,0,0,0,0,0,1,0,1
891e15b61b3ffff,0,0,0,0,0,1,1,2,2,0
891e15b61b7ffff,0,0,0,0,0,0,0,0,0,0
891e15b61bbffff,0,0,0,0,0,0,0,1,1,1
891e15b61c3ffff,1,2,3,2,2,2,2,2,2,1
891e15b61c7ffff,1,0,1,0,0,0,0,0,1,0
891e15b61cbffff,0,0,0,1,1,0,1,0,0,2
891e15b61cfffff,0,1,1,1,1,1,1,1,1,1
891e15b61d3ffff,2,2,2,3,1,1,1,2,2,2
891e15b61d7ffff,0,0,0,0,0,0,0,0,0,0
891e15b61dbffff,2,2,2,3,3,3,2,2,54,3
891e15b6203ffff,2,1,7,8,4,1,2,3,2,3
891e15b6207ffff,1,1,3,2,6,2,3,6,6,4
891e15b620bffff,12,8,14,10,8,8,12,16,10,10
891e15b620fffff,3,2,3,35,34,34,35,36,35,8
891e15b6213ffff,2,6,5,9,2,1,5,11,14,12
891e15b6217ffff,4,5,9,11,15,13,14,15,8,9
891e15b621bffff,29,36,26,30,19,20,27,36,51,59
891e15b6223ffff,0,0,0,0,2,1,2,3,5,4
891e15b6227ffff,5,4,7,6,5,5,7,6,6,4
891e15b622bffff,4,8,11,16,12,17,19,26,28,23
891e15b622fffff,6,5,5,7,7,6,7,7,8,5
891e15b6233ffff,8,12,22,27,17,24,21,29,30,28
891e15b6237ffff,2,2,5,2,3,4,4,5,5,3
891e15b623bffff,1,2,6,5,5,4,6,12,11,16
891e15b6243ffff,13,17,16,12,13,19,31,37,32,29
891e15b6247ffff,2,3,2,2,3,4,5,4,4,3
891e15b624bffff,10,19,28,31,28,31,34,40,35,32
891e15b624fffff,5,10,14,10,14,15,17,17,14,10
891e15b6253ffff,15,28,47,50,39,43,48,60,48,42
891e15b6257ffff,34,42,56,55,47,47,56,88,84,60
891e15b625bffff,34,37,41,47,43,36,35,43,44,25
891e15b6263ffff,12,14,18,16,11,12,37,27,41,29
891e15b6267ffff,35,45,53,71,50,43,48,57,70,62
891e15b626bffff,23,30,34,29,26,30,33,46,44,23
891e15b626fffff,31,37,41,39,46,50,72,81,63,47
891e15b6273ffff,0,0,0,2,1,1,1,2,2,2
891e15b6277ffff,5,8,12,23,7,9,14,19,22,20
891e15b627bffff,1,2,3,3,2,3,4,3,3,2
891e15b6283ffff,2,11,6,4,6,2,5,9,4,7
891e15b6287ffff,1,2,0,2,4,4,8,6,6,1
891e15b628bffff,3,1,1,4,2,4,3,4,2,1
891e15b628fffff,14,17,21,21,18,15,23,18,14,11
891e15b6293ffff,0,4,3,3,1,9,1,2,1,0
891e15b6297ffff,7,6,4,11,17,16,16,31,25,22
891e15b629bffff,0,0,0,0,0,0,0,1,0,0
891e15b62a3ffff,5,10,13,18,3,5,6,4,12,8
891e15b62a7ffff,0,0,0,0,0,0,1,1,1,1
891e15b62abffff,8,7,9,11,14,6,9,19,21,14
891e15b62afffff,2,3,6,9,9,8,10,10,9,5
891e15b62b3ffff,3,18,19,19,7,18,28,37,35,15
891e15b62b7ffff,0,0,0,0,0,0,4,4,5,5
891e15b62bbffff,13,17,14,13,16,17,36,49,30,11
891e15b62c3ffff,13,15,14,22,20,18,18,24,19,24
891e15b62c7ffff,7,8,8,6,11,7,9,12,9,11
891e15b62cbffff,9,14,17,16,14,13,21,17,21,18
891e15b62cfffff,17,18,28,29,27,27,40,47,40,43
891e15b62d3ffff,5,5,5,5,9,7,11,11,7,8
891e15b62d7ffff,1,1,4,4,1,2,3,4,3,2
891e15b62dbffff,1,3,4,5,9,9,14,6,6,4
891e15b6303ffff,8,5,7,5,4,7,11,11,9,4
891e15b6307ffff,2,0,0,1,0,0,0,0,0,0
891e15b630bffff,0,0,0,0,0,0,0,0,0,0
891e15b630fffff,5,4,6,7,7,2,3,1,8,20
891e15b6313ffff,12,15,18,22,9,7,11,11,7,5
891e15b6317ffff,1,0,1,3,1,3,3,4,2,1
891e15b631bffff,0,1,0,0,0,0,1,1,1,0
891e15b6323ffff,0,0,0,0,0,0,0,0,0,0
891e15b6327ffff,0,0,0,0,0,0,0,0,0,0
891e15b632bffff,4,5,4,10,7,11,13,15,12,14
891e15b632fffff,0,0,0,0,0,0,0,0,0,0
891e15b6333ffff,1,1,1,4,1,0,0,3,4,7
891e15b6337ffff,0,0,0,0,0,0,0,0,0,0
891e15b633bffff,0,1,2,2,1,0,0,0,0,0
891e15b6343ffff,3,0,1,1,1,0,0,2,2,2
891e15b6347ffff,0,0,0,0,0,0,0,0,0,0
891e15b634bffff,10,15,20,23,32,40,45,52,50,53
891e15b634fffff,4,6,8,13,16,17,25,30,27,20
891e15b6353ffff,0,0,0,0,1,1,2,2,1,1
891e15b6357ffff,0,0,1,0,0,0,0,0,0,0
891e15b635bffff,8,9,6,9,6,8,9,10,9,6
891e15b6363ffff,0,0,0,0,0,0,0,0,0,0
891e15b6367ffff,4,4,6,6,7,7,9,9,9,9
891e15b636bffff,0,0,0,0,0,0,0,0,0,0
891e15b636fffff,0,0,0,0,0,0,0,0,0,0
891e15b6373ffff,0,0,0,0,0,0,0,0,0,0
891e15b6377ffff,1,1,4,2,2,2,2,2,1,1
891e15b637bffff,0,1,1,0,0,0,0,0,0,0
891e15b6383ffff,1,1,1,1,1,1,1,1,1,1
891e15b6387ffff,0,0,0,0,0,0,0,0,0,0
891e15b638bffff,0,0,0,0,0,0,0,0,0,0
891e15b638fffff,2,2,3,0,0,1,1,1,1,2
891e15b6393ffff,0,0,0,0,1,1,1,2,1,2
891e15b6397ffff,0,0,0,0,0,0,0,0,0,0
891e15b639bffff,0,0,0,0,0,0,1,0,0,0
891e15b63a3ffff,0,1,2,4,8,5,6,4,3,1
891e15b63a7ffff,1,2,3,4,1,1,9,9,9,5
891e15b63abffff,0,1,0,0,2,0,0,0,0,0
891e15b63afffff,3,7,12,13,5,11,17,19,11,8
891e15b63b3ffff,0,0,0,0,0,0,0,0,0,0
891e15b63b7ffff,0,0,1,1,1,1,1,2,2,0
891e15b63bbffff,0,0,0,0,0,0,0,0,0,0
891e15b63c3ffff,0,0,0,0,0,0,0,0,0,0
891e15b63c7ffff,0,1,0,0,0,0,0,0,0,0
891e15b63cbffff,0,2,0,1,1,1,1,1,0,0
891e15b63cfffff,0,0,0,0,0,0,0,0,0,0
891e15b63d3ffff,0,0,0,0,0,0,0,0,0,0
891e15b63d7ffff,0,0,0,0,0,0,0,0,0,0
891e15b63dbffff,1,1,1,1,0,0,0,0,0,2
891e15b6403ffff,0,0,0,0,0,0,0,0,0,0
891e15b6407ffff,0,0,0,0,0,0,0,0,0,0
891e15b640bffff,0,0,0,0,0,0,0,0,0,0
891e15b640fffff,0,0,0,0,0,0,0,0,0,0
891e15b6413ffff,0,0,0,0,0,0,0,0,0,0
891e15b6417ffff,0,0,0,0,0,0,0,0,0,0
891e15b641bffff,0,0,0,0,0,0,0,0,0,0
891e15b6423ffff,2,2,3,3,3,3,1,2,2,0
891e15b6427ffff,0,1,2,1,0,0,0,0,2,0
891e15b642bffff,1,1,2,2,0,1,1,1,0,1
891e15b642fffff,0,0,1,0,1,1,0,0,6,0
891e15b6433ffff,1,1,1,4,3,4,3,3,2,1
891e15b6437ffff,1,0,0,0,0,0,0,0,3,2
891e15b643bffff,2,2,0,1,1,1,0,0,0,0
891e15b6443ffff,0,0,0,0,2,1,1,1,2,4
891e15b6447ffff,0,0,0,0,0,0,0,0,0,0
891e15b644bffff,5,5,4,4,4,2,2,1,4,3
891e15b644fffff,0,0,0,0,0,0,0,0,0,0
891e15b6453ffff,0,0,0,1,1,1,1,1,0,0
891e15b6457ffff,0,0,0,0,0,0,0,0,0,0
891e15b645bffff,0,0,0,1,0,0,0,0,0,1
891e15b6463ffff,0,0,0,0,0,0,0,0,0,0
891e15b6467ffff,0,0,0,4,5,4,5,6,5,5
891e15b646bffff,0,0,0,0,0,0,0,0,0,0
891e15b646fffff,0,0,0,0,0,0,0,0,0,0
891e15b6473ffff,0,0,0,0,0,0,0,0,0,0
891e15b6477ffff,0,0,0,0,1,0,0,0,0,0
891e15b647bffff,0,0,0,0,0,0,0,0,0,0
891e15b6483ffff,0,0,0,0,0,0,0,0,6,1
891e15b6487ffff,0,0,0,0,0,0,0,0,0,0
891e15b648bffff,0,0,0,0,0,0,0,1,1,1
891e15b648fffff,0,0,1,1,1,1,1,1,1,1
891e15b6493ffff,0,0,0,0,0,0,0,0,0,0
891e15b6497ffff,1,1,0,0,0,0,0,0,0,0
891e15b649bffff,0,0,0,2,0,0,0,0,0,0
891e15b64a3ffff,0,0,0,0,0,0,0,0,0,0
891e15b64a7ffff,0,0,0,0,0,0,0,0,0,0
891e15b64abffff,0,0,1,0,1,1,0,0,1,1
891e15b64afffff,0,1,1,0,0,1,0,2,1,1
891e15b64b3ffff,0,0,0,0,0,0,0,0,0,0
891e15b64b7ffff,0,0,0,0,0,0,0,0,0,0
891e15b64bbffff,0,0,0,0,0,0,0,0,0,0
891e15b64c3ffff,0,0,0,0,0,0,0,0,0,0
891e15b64c7ffff,0,0,0,0,0,0,0,0,0,0
891e15b64cbffff,0,0,0,1,1,1,1,1,1,0
891e15b64cfffff,0,0,0,0,0,0,0,0,0,0
891e15b64d3ffff,0,0,0,0,0,0,0,0,0,0
891e15b64d7ffff,0,0,0,0,0,0,0,0,0,0
891e15b64dbffff,0,0,0,0,0,0,0,0,0,0
891e15b6503ffff,0,0,0,0,0,0,0,0,0,0
891e15b6507ffff,0,1,1,0,0,0,0,0,0,0
891e15b650bffff,0,0,0,0,0,0,0,0,0,0
891e15b650fffff,0,0,0,0,0,0,0,0,0,0
891e15b6513ffff,0,0,0,0,0,0,0,0,0,0
891e15b6517ffff,0,0,0,0,0,0,0,0,0,0
891e15b651bffff,0,0,0,0,0,0,1,1,1,1
891e15b6523ffff,0,0,0,0,0,0,0,0,0,0
891e15b6527ffff,0,0,0,0,0,0,0,0,0,0
891e15b652bffff,0,1,1,0,0,0,0,2,1,1
891e15b652fffff,0,0,0,1,0,0,0,0,0,0
891e15b6533ffff,0,0,0,0,0,0,0,0,0,0
891e15b6537ffff,0,0,0,0,0,0,0,0,0,0
891e15b653bffff,1,1,1,0,0,0,0,0,0,0
891e15b6543ffff,0,1,1,1,2,3,2,1,1,0
891e15b6547ffff,0,0,0,0,0,0,0,0,0,0
891e15b654bffff,3,2,2,2,1,1,2,2,2,6
891e15b654fffff,0,0,0,0,1,0,0,2,2,1
891e15b6553ffff,0,0,0,0,0,1,1,1,1,1
891e15b6557ffff,0,0,0,0,0,0,2,3,0,2
891e15b655bffff,0,0,0,0,0,0,1,4,2,1
891e15b6563ffff,0,0,0,0,0,0,0,2,2,1
891e15b6567ffff,1,1,1,1,6,0,0,2,1,1
891e15b656bffff,1,2,1,0,0,0,0,0,0,1
891e15b656fffff,0,0,0,1,1,2,1,1,3,3
891e15b6573ffff,0,0,0,0,0,0,0,0,0,0
891e15b6577ffff,1,1,1,2,2,2,3,2,8,7
891e15b657bffff,0,0,0,1,2,1,1,1,1,0
891e15b6583ffff,0,0,1,3,1,1,1,5,6,8
891e15b6587ffff,0,1,0,0,0,0,0,0,0,0
891e15b658bffff,1,2,2,3,1,0,0,7,6,1
891e15b658fffff,0,0,0,0,0,0,0,0,0,0
891e15b6593ffff,0,0,0,0,1,1,0,3,2,2
891e15b6597ffff,0,1,1,1,0,0,0,0,0,1
891e15b659bffff,0,0,0,0,0,2,1,3,3,1
891e15b65a3ffff,0,0,0,1,0,0,0,0,0,0
891e15b65a7ffff,0,0,0,0,0,0,0,0,0,1
891e15b65abffff,0,0,0,0,3,2,2,2,2,2
891e15b65afffff,0,0,0,0,0,0,0,0,0,0
891e15b65b3ffff,0,0,0,0,0,0,0,0,0,0
891e15b65b7ffff,0,0,0,0,0,0,0,0,0,0
891e15b65bbffff,0,0,0,0,0,0,0,0,0,0
891e15b65c3ffff,0,0,0,0,0,1,0,0,0,0
891e15b65c7ffff,0,0,0,3,2,2,2,3,2,0
891e15b65cbffff,0,0,0,0,0,0,0,0,0,0
891e15b65cfffff,0,0,0,0,0,6,23,23,6,7
891e15b65d3ffff,0,0,0,0,0,0,0,0,0,1
891e15b65d7ffff,0,1,0,0,0,0,0,0,0,0
891e15b65dbffff,0,0,0,1,0,0,1,1,0,0
891e15b6603ffff,0,1,1,1,1,1,1,2,3,4
891e15b6607ffff,0,0,1,0,2,2,1,4,5,7
891e15b660bffff,9,10,5,5,7,5,6,9,6,8
891e15b660fffff,0,1,1,0,0,0,0,1,1,3
891e15b6613ffff,0,0,0,0,0,0,0,0,0,0
891e15b6617ffff,0,0,3,1,1,1,1,0,0,0
891e15b661bffff,1,0,1,0,0,1,1,1,0,1
891e15b6623ffff,0,1,0,0,0,0,7,8,2,1
891e15b6627ffff,0,1,0,0,0,0,0,0,0,0
891e15b662bffff,1,0,1,1,0,0,5,4,0,0
891e15b662fffff,1,1,1,0,0,3,3,2,2,2
891e15b6633ffff,1,0,0,1,2,2,2,2,0,0
891e15b6637ffff,0,0,0,0,0,0,0,0,0,0
891e15b663bffff,0,0,0,0,2,2,1,1,1,2
891e15b6643ffff,4,7,9,8,6,5,6,5,3,5
891e15b6647ffff,2,2,4,3,2,2,2,6,2,2
891e15b664bffff,1,3,1,0,2,0,4,4,4,3
891e15b664fffff,1,3,3,5,3,2,5,7,7,7
891e15b6653ffff,2,1,1,2,6,5,7,6,5,2
891e15b6657ffff,0,2,1,3,3,0,1,1,1,0
891e15b665bffff,2,1,2,3,0,2,2,2,1,3
891e15b6663ffff,0,1,1,1,1,1,1,2,2,1
891e15b6667ffff,0,1,2,2,0,0,0,0,0,1
891e15b666bffff,0,2,1,1,1,2,0,0,0,3
891e15b666fffff,2,3,3,5,3,9,21,19,5,7
891e15b6673ffff,2,4,4,6,7,6,7,9,13,8
891e15b6677ffff,1,0,0,0,1,2,1,1,1,1
891e15b667bffff,0,2,1,1,1,0,0,0,0,0
891e15b6683ffff,3,2,3,1,0,0,1,0,0,0
891e15b6687ffff,1,2,2,2,2,2,4,4,3,1
891e15b668bffff,0,0,1,1,0,0,0,1,0,0
891e15b668fffff,1,1,0,0,0,0,1,1,1,2
891e15b6693ffff,0,1,1,0,1,1,0,1,1,1
891e15b6697ffff,4,7,6,4,3,3,6,6,5,2
891e15b669bffff,0,0,0,0,0,0,0,0,0,0
891e15b66a3ffff,0,0,0,0,0,0,2,1,1,0
891e15b66a7ffff,0,0,0,0,0,0,0,0,0,0
891e15b66abffff,4,3,1,3,1,0,2,1,1,1
891e15b66afffff,0,0,1,1,1,1,1,1,1,1
891e15b66b3ffff,4,4,4,3,3,1,2,2,1,3
891e15b66b7ffff,0,0,0,0,0,0,0,0,0,0
891e15b66bbffff,4,2,4,5,1,3,2,2,4,4
891e15b66c3ffff,1,2,1,2,0,0,0,0,0,0
891e15b66c7ffff,0,0,4,3,3,2,1,1,1,2
891e15b66cbffff,0,2,1,2,1,1,1,1,1,1
891e15b66cfffff,0,0,1,0,0,0,0,0,0,0
891e15b66d3ffff,2,0,0,0,1,1,1,1,1,0
891e15b66d7ffff,1,1,0,0,2,3,2,2,2,2
891e15b66dbffff,0,0,0,0,2,1,3,3,3,2
891e15b6803ffff,0,0,0,0,0,2,0,0,0,0
891e15b6807ffff,0,0,0,0,0,0,0,1,1,2
891e15b680bffff,0,0,0,0,0,0,0,0,0,0
891e15b680fffff,0,0,0,0,0,0,0,0,0,0
891e15b6813ffff,0,0,0,0,0,0,0,0,0,0
891e15b6817ffff,0,0,0,0,0,0,0,1,0,0
891e15b681bffff,0,0,0,0,0,0,0,0,0,0
891e15b6823ffff,0,0,0,1,0,0,0,0,0,0
891e15b6827ffff,0,0,0,0,0,0,0,0,0,0
891e15b682bffff,0,0,0,0,0,0,0,0,0,0
891e15b682fffff,0,0,0,0,0,0,0,0,0,0
891e15b6833ffff,0,0,0,0,0,0,0,0,0,0
891e15b6837ffff,0,0,0,0,0,0,0,0,0,0
891e15b683bffff,0,0,0,0,0,0,0,0,0,0
891e15b6843ffff,0,0,0,0,0,0,1,2,0,0
891e15b6847ffff,0,0,0,0,0,0,0,0,0,0
891e15b684bffff,0,0,0,0,0,0,0,0,1,1
891e15b684fffff,1,2,2,2,2,2,1,1,1,0
891e15b6853ffff,0,0,0,0,0,0,0,0,0,0
891e15b6857ffff,0,0,0,0,0,0,0,0,0,0
891e15b685bffff,0,0,1,2,1,1,1,1,1,0
891e15b6863ffff,0,0,0,0,0,0,0,0,0,1
891e15b6867ffff,0,0,0,0,0,0,0,0,0,0
891e15b686bffff,0,0,0,0,0,0,0,0,0,1
891e15b686fffff,0,0,0,0,0,0,0,0,0,0
891e15b6873ffff,0,0,0,0,0,0,0,0,0,0
891e15b6877ffff,0,0,0,0,0,0,0,0,0,0
891e15b687bffff,0,0,0,0,0,0,0,0,0,0
891e15b6883ffff,0,0,0,0,0,0,0,0,0,0
891e15b6887ffff,0,0,0,0,0,0,0,0,0,0
891e15b688bffff,0,0,0,0,0,0,0,1,0,0
891e15b688fffff,0,0,0,0,0,0,0,0,0,0
891e15b6893ffff,0,0,0,0,0,0,0,0,0,0
891e15b6897ffff,0,0,0,0,0,0,0,0,0,0
891e15b689bffff,0,0,0,0,0,1,1,1,1,1
891e15b68a3ffff,0,0,0,0,0,0,0,0,0,0
891e15b68a7ffff,0,0,0,0,0,0,0,0,0,1
891e15b68abffff,0,0,0,0,2,1,0,0,0,0
891e15b68afffff,0,0,0,0,0,0,0,0,0,0
891e15b68b3ffff,0,0,0,0,0,0,0,0,0,0
891e15b68b7ffff,0,0,0,0,0,0,0,0,0,0
891e15b68bbffff,0,0,0,0,0,0,0,0,0,0
891e15b68c3ffff,0,0,0,0,0,0,0,0,0,0
891e15b68c7ffff,0,0,0,0,0,0,0,0,0,0
891e15b68cbffff,0,0,0,1,1,0,1,0,9,16
891e15b68cfffff,0,0,0,0,0,0,0,0,0,0
891e15b68d3ffff,0,0,0,0,0,0,0,0,0,0
891e15b68d7ffff,0,0,0,0,0,0,0,0,0,0
891e15b68dbffff,0,1,1,1,1,1,2,2,2,1
891e15b6903ffff,0,0,0,0,0,0,0,0,0,0
891e15b6907ffff,0,0,0,0,0,0,0,0,0,0
891e15b690bffff,0,0,0,0,0,0,0,0,0,0
891e15b690fffff,0,0,0,0,0,0,0,0,0,0
891e15b6913ffff,0,0,0,0,0,0,0,0,0,0
891e15b6917ffff,0,0,0,0,0,0,0,0,0,0
891e15b691bffff,0,0,0,0,0,0,0,0,0,1
891e15b6923ffff,0,0,0,0,0,0,0,0,0,0
891e15b6927ffff,0,0,0,0,0,0,0,0,0,0
891e15b692bffff,0,0,0,0,0,0,0,1,0,0
891e15b692fffff,0,0,0,0,0,0,0,0,0,0
891e15b6933ffff,0,0,0,0,0,0,0,0,0,0
891e15b6937ffff,0,0,0,0,0,0,0,0,0,0
891e15b693bffff,0,0,0,0,0,0,0,0,0,0
891e15b6943ffff,0,0,0,0,0,0,0,0,0,0
891e15b6947ffff,0,0,0,0,0,0,0,0,0,0
891e15b694bffff,1,0,0,0,1,0,0,0,0,0
891e15b694fffff,0,0,2,0,2,0,0,0,0,0
891e15b6953ffff,0,0,0,0,0,0,0,0,0,0
891e15b6957ffff,0,0,0,0,0,0,0,0,0,0
891e15b695bffff,0,0,0,0,0,0,0,0,0,0
891e15b6963ffff,0,0,0,0,0,0,0,0,0,0
891e15b6967ffff,0,5,6,7,9,9,2,1,0,1
891e15b696bffff,0,0,0,0,0,0,0,0,0,0
891e15b696fffff,0,0,1,1,2,2,0,0,0,1
891e15b6973ffff,0,0,0,0,0,0,0,0,0,0
891e15b6977ffff,0,0,0,0,0,0,0,0,0,0
891e15b697bffff,0,0,0,0,0,0,0,0,0,0
891e15b6983ffff,0,0,0,0,0,0,0,0,0,0
891e15b6987ffff,0,0,0,0,0,0,0,0,0,0
891e15b698bffff,0,0,0,0,0,0,0,0,0,0
891e15b698fffff,0,0,0,0,0,0,0,0,0,0
891e15b6993ffff,0,0,0,0,0,0,0,0,0,0
891e15b6997ffff,0,0,0,0,0,0,0,0,0,0
891e15b699bffff,0,0,0,0,0,0,0,0,0,0
891e15b69a3ffff,0,0,0,0,0,0,0,0,0,0
891e15b69a7ffff,0,0,0,0,0,0,0,0,0,0
891e15b69abffff,0,0,0,0,0,0,0,0,0,0
891e15b69afffff,0,0,0,0,0,0,0,0,0,0
891e15b69b3ffff,0,0,0,0,0,0,0,0,0,0
891e15b69b7ffff,0,0,0,0,0,0,0,0,0,0
891e15b69bbffff,0,0,0,0,0,0,0,0,0,0
891e15b69c3ffff,0,0,1,1,1,0,0,1,0,0
891e15b69c7ffff,0,0,0,0,0,0,0,0,0,0
891e15b69cbffff,0,0,0,0,0,0,0,0,0,0
891e15b69cfffff,0,0,0,0,0,0,0,0,0,0
891e15b69d3ffff,0,0,0,0,0,0,0,0,0,0
891e15b69d7ffff,0,0,0,0,0,0,0,0,0,0
891e15b69dbffff,0,0,1,1,1,1,1,1,1,0
891e15b6a03ffff,0,0,0,0,0,0,0,0,0,0
891e15b6a07ffff,0,0,0,0,0,0,0,0,0,0
891e15b6a0bffff,0,0,0,0,0,0,0,0,0,0
891e15b6a0fffff,0,0,0,0,0,0,0,0,0,0
891e15b6a13ffff,0,0,0,0,0,0,0,0,0,0
891e15b6a17ffff,0,2,1,1,1,1,1,1,1,1
891e15b6a1bffff,0,0,0,0,0,0,0,0,0,0
891e15b6a23ffff,0,0,0,0,0,0,0,0,0,0
891e15b6a27ffff,0,0,0,0,0,0,0,0,0,0
891e15b6a2bffff,0,0,0,0,0,0,0,0,0,0
891e15b6a2fffff,0,0,0,0,0,0,0,0,0,0
891e15b6a33ffff,0,0,0,0,0,0,1,1,0,0
891e15b6a37ffff,0,0,0,0,0,0,0,0,0,0
891e15b6a3bffff,0,0,0,0,0,0,0,0,0,0
891e15b6a43ffff,0,1,2,1,1,1,1,1,1,1
891e15b6a47ffff,0,0,0,0,0,0,0,0,0,0
891e15b6a4bffff,0,0,0,0,0,0,0,0,0,0
891e15b6a4fffff,0,0,0,0,0,0,0,0,0,0
891e15b6a53ffff,0,0,0,0,0,0,0,0,0,0
891e15b6a57ffff,0,0,0,0,0,0,0,0,0,0
891e15b6a5bffff,0,0,0,0,0,0,0,0,0,0
891e15b6a63ffff,0,0,0,0,0,0,0,0,0,0
891e15b6a67ffff,0,0,0,1,1,1,0,0,0,0
891e15b6a6bffff,0,0,0,0,0,0,0,0,0,0
891e15b6a6fffff,0,0,0,0,0,0,0,0,0,0
891e15b6a73ffff,0,0,0,0,0,0,0,0,0,0
891e15b6a77ffff,0,0,0,0,0,0,0,0,0,0
891e15b6a7bffff,1,1,0,0,0,0,0,0,0,0
891e15b6a83ffff,0,0,0,0,0,0,0,0,0,0
891e15b6a87ffff,0,0,0,0,0,0,0,0,0,0
891e15b6a8bffff,0,0,0,0,0,1,1,0,0,0
891e15b6a8fffff,0,0,0,1,1,1,1,1,1,0
891e15b6a93ffff,0,0,0,1,1,1,1,1,1,1
891e15b6a97ffff,1,0,0,1,1,1,4,4,2,2
891e15b6a9bffff,1,0,1,1,0,0,0,2,5,5
891e15b6aa3ffff,0,1,1,1,1,1,2,1,1,0
891e15b6aa7ffff,1,1,0,1,1,1,0,1,10,7
891e15b6aabffff,1,1,0,0,0,0,0,0,0,0
891e15b6aafffff,0,0,0,0,0,0,0,0,0,0
891e15b6ab3ffff,0,0,0,0,0,0,0,0,1,2
891e15b6ab7ffff,0,0,1,1,0,0,0,0,0,0
891e15b6abbffff,1,0,0,0,0,0,0,0,0,0
891e15b6ac3ffff,0,0,0,0,0,0,0,0,0,0
891e15b6ac7ffff,0,0,0,0,0,0,0,0,0,0
891e15b6acbffff,0,0,0,0,0,0,0,0,0,0
891e15b6acfffff,0,0,0,0,0,0,0,0,0,0
891e15b6ad3ffff,0,0,0,0,0,0,3,4,4,4
891e15b6ad7ffff,0,0,0,0,1,2,2,2,1,0
891e15b6adbffff,0,0,0,0,0,0,0,0,0,0
891e15b6b03ffff,1,0,0,0,0,0,0,0,0,0
891e15b6b07ffff,0,1,1,0,0,0,0,0,0,0
891e15b6b0bffff,0,0,0,0,0,1,0,0,0,0
891e15b6b0fffff,0,0,0,0,0,0,0,1,0,0
891e15b6b13ffff,0,0,0,0,0,0,0,0,0,0
891e15b6b17ffff,0,0,0,0,0,0,0,0,0,0
891e15b6b1bffff,0,0,1,1,1,1,1,2,1,1
891e15b6b23ffff,0,1,1,1,1,1,1,0,0,0
891e15b6b27ffff,6,2,2,0,0,0,0,0,0,0
891e15b6b2bffff,0,0,0,0,0,0,0,0,0,0
891e15b6b2fffff,2,0,2,0,0,0,0,0,0,0
891e15b6b33ffff,0,0,0,0,0,0,0,0,0,0
891e15b6b37ffff,0,0,0,0,0,0,0,0,0,0
891e15b6b3bffff,0,0,0,0,0,0,0,0,0,0
891e15b6b43ffff,0,0,0,0,0,0,0,0,0,0
891e15b6b47ffff,0,0,0,0,0,0,0,0,0,0
891e15b6b4bffff,0,0,0,0,0,0,0,0,0,0
891e15b6b4fffff,0,0,0,0,0,0,0,0,0,0
891e15b6b53ffff,0,0,0,0,0,0,0,0,0,0
891e15b6b57ffff,0,0,0,0,0,0,0,1,0,0
891e15b6b5bffff,0,0,0,0,0,0,0,0,0,0
891e15b6b63ffff,0,0,0,0,0,0,0,0,0,0
891e15b6b67ffff,0,0,0,2,0,0,0,0,0,0
891e15b6b6bffff,0,0,0,0,0,0,0,0,0,0
891e15b6b6fffff,0,0,0,0,0,0,1,1,1,1
891e15b6b73ffff,0,0,0,0,0,0,0,0,0,0
891e15b6b77ffff,0,0,0,0,0,0,0,0,0,0
891e15b6b7bffff,0,0,0,0,0,0,0,0,0,0
891e15b6b83ffff,0,0,0,0,0,0,0,0,0,0
891e15b6b87ffff,4,6,5,2,1,3,4,2,3,1
891e15b6b8bffff,0,0,0,0,0,0,0,0,0,0
891e15b6b8fffff,1,1,1,0,1,0,0,0,0,0
891e15b6b93ffff,0,1,0,0,0,0,0,0,0,0
891e15b6b97ffff,0,0,0,0,0,0,0,0,0,0
891e15b6b9bffff,1,1,1,1,1,1,0,0,0,0
891e15b6ba3ffff,0,0,0,0,14,0,0,0,0,1
891e15b6ba7ffff,0,0,0,0,0,0,0,0,0,0
891e15b6babffff,0,0,0,0,0,0,0,0,0,0
891e15b6bafffff,0,0,0,0,0,0,0,0,0,0
891e15b6bb3ffff,0,1,6,8,27,10,12,11,13,14
891e15b6bb7ffff,0,0,0,0,1,0,7,7,7,7
891e15b6bbbffff,1,1,1,0,1,1,1,0,0,1
891e15b6bc3ffff,0,0,0,0,0,0,0,0,0,0
891e15b6bc7ffff,0,0,0,0,0,0,0,0,0,0
891e15b6bcbffff,2,0,1,1,3,3,3,1,0,0
891e15b6bcfffff,0,0,0,1,0,0,1,3,1,1
891e15b6bd3ffff,0,0,0,0,0,0,0,0,0,0
891e15b6bd7ffff,0,0,0,0,0,0,1,1,0,0
891e15b6bdbffff,0,0,0,0,0,0,0,1,1,0
891e15b6c03ffff,0,0,0,0,0,0,0,0,0,0
891e15b6c07ffff,0,0,0,0,0,0,0,0,1,0
891e15b6c0bffff,0,0,0,1,2,2,4,4,0,0
891e15b6c0fffff,0,0,0,0,0,0,0,0,1,0
891e15b6c13ffff,0,0,0,0,0,0,0,0,0,0
891e15b6c17ffff,0,0,0,0,0,0,0,0,0,0
891e15b6c1bffff,0,0,0,0,0,0,3,3,2,1
891e15b6c23ffff,0,0,0,0,0,0,0,0,0,0
891e15b6c27ffff,0,0,0,0,0,0,0,0,0,0
891e15b6c2bffff,0,0,0,0,0,1,0,0,0,0
891e15b6c2fffff,0,0,0,0,0,0,0,0,0,0
891e15b6c33ffff,0,0,0,0,0,0,0,0,0,0
891e15b6c37ffff,0,0,0,0,0,0,0,0,0,0
891e15b6c3bffff,0,0,0,0,0,0,0,0,0,0
891e15b6c43ffff,0,0,0,0,0,0,0,0,0,0
891e15b6c47ffff,0,0,0,0,0,0,0,2,1,0
891e15b6c4bffff,0,0,0,0,0,0,0,0,1,0
891e15b6c4fffff,0,0,0,0,0,1,2,3,0,1
891e15b6c53ffff,0,0,0,0,1,0,0,5,5,5
891e15b6c57ffff,0,0,0,0,0,0,0,0,0,1
891e15b6c5bffff,0,0,0,0,1,1,1,2,2,0
891e15b6c63ffff,0,0,0,0,0,0,0,0,0,0
891e15b6c67ffff,0,0,0,0,0,0,0,0,0,0
891e15b6c6bffff,0,0,0,0,0,0,0,0,0,0
891e15b6c6fffff,0,0,0,0,0,0,0,0,0,1
891e15b6c73ffff,0,0,0,0,0,0,0,0,0,0
891e15b6c77ffff,0,0,0,0,0,0,0,0,0,0
891e15b6c7bffff,1,1,0,0,0,0,0,0,0,0
891e15b6c83ffff,0,0,0,0,0,0,0,0,0,0
891e15b6c87ffff,0,1,1,1,0,0,0,0,0,0
891e15b6c8bffff,0,1,0,0,0,1,0,0,0,0
891e15b6c8fffff,0,0,0,0,0,0,0,1,1,1
891e15b6c93ffff,0,0,0,0,0,0,0,0,0,0
891e15b6c97ffff,0,0,0,1,1,2,3,3,1,0
891e15b6c9bffff,0,0,0,1,0,0,0,0,0,0
891e15b6ca3ffff,0,0,0,0,0,0,0,0,0,0
891e15b6ca7ffff,0,0,0,0,0,0,0,0,0,0
891e15b6cabffff,0,0,0,0,0,0,0,1,0,0
891e15b6cafffff,0,0,0,0,0,0,0,0,0,0
891e15b6cb3ffff,0,0,0,0,0,0,0,0,0,0
891e15b6cb7ffff,0,0,0,0,0,0,0,0,0,0
891e15b6cbbffff,0,0,0,0,0,0,0,0,0,0
891e15b6cc3ffff,0,0,1,1,1,1,2,1,3,2
891e15b6cc7ffff,1,1,0,0,0,0,0,0,0,0
891e15b6ccbffff,0,0,0,0,0,0,0,0,0,1
891e15b6ccfffff,1,0,0,0,0,0,1,3,1,0
891e15b6cd3ffff,0,0,0,0,1,1,2,5,6,8
891e15b6cd7ffff,0,0,0,1,0,0,1,1,2,2
891e15b6cdbffff,0,0,0,0,0,0,0,0,2,3
891e15b6d03ffff,0,1,2,2,0,0,0,0,0,2
891e15b6d07ffff,0,0,0,0,0,0,0,3,3,0
891e15b6d0bffff,0,0,0,0,0,0,0,0,0,1
891e15b6d0fffff,0,0,0,0,0,0,0,0,0,2
891e15b6d13ffff,0,0,0,0,2,2,2,2,2,0
891e15b6d17ffff,0,0,0,0,0,0,0,0,0,0
891e15b6d1bffff,0,0,0,0,0,0,0,0,0,0
891e15b6d23ffff,0,0,0,0,0,0,0,0,0,0
891e15b6d27ffff,0,0,0,0,0,0,0,0,0,0
891e15b6d2bffff,0,0,0,0,0,0,0,0,0,0
891e15b6d2fffff,0,0,0,0,0,0,0,0,0,0
891e15b6d33ffff,0,0,0,0,0,0,0,0,0,0
891e15b6d37ffff,0,0,0,0,0,0,0,0,0,0
891e15b6d3bffff,0,0,0,0,0,0,0,0,0,0
891e15b6d43ffff,0,0,0,0,0,0,0,0,0,0
891e15b6d47ffff,1,2,2,2,1,1,1,1,1,2
891e15b6d4bffff,0,1,1,2,2,1,1,1,1,1
891e15b6d4fffff,0,0,1,0,1,1,1,1,1,0
891e15b6d53ffff,0,0,2,4,2,2,2,2,2,3
891e15b6d57ffff,0,1,1,1,1,0,1,1,1,1
891e15b6d5bffff,0,0,0,1,0,0,0,0,0,0
891e15b6d63ffff,0,0,0,0,0,0,0,0,0,0
891e15b6d67ffff,0,0,0,0,0,0,0,0,0,0
891e15b6d6bffff,0,0,0,0,0,0,0,0,0,0
891e15b6d6fffff,0,0,0,0,0,0,0,0,0,0
891e15b6d73ffff,0,0,0,0,0,1,1,1,1,7
891e15b6d77ffff,0,0,0,0,0,0,0,0,0,1
891e15b6d7bffff,0,0,0,0,0,0,0,0,0,0
891e15b6d83ffff,0,0,0,0,0,0,0,0,0,0
891e15b6d87ffff,0,0,0,0,0,0,0,0,0,0
891e15b6d8bffff,0,0,0,0,0,0,0,0,0,0
891e15b6d8fffff,0,0,0,0,0,0,0,0,0,0
891e15b6d93ffff,0,0,0,0,0,0,0,0,0,0
891e15b6d97ffff,0,0,0,0,0,0,0,0,0,0
891e15b6d9bffff,0,0,0,0,0,0,0,0,0,0
891e15b6da3ffff,0,0,0,0,0,0,0,0,0,0
891e15b6da7ffff,0,0,0,0,0,0,0,0,0,0
891e15b6dabffff,0,0,0,0,0,0,0,0,0,0
891e15b6dafffff,0,0,0,0,0,0,0,0,0,0
891e15b6db3ffff,0,0,0,0,0,0,0,0,0,0
891e15b6db7ffff,0,0,0,0,0,0,0,0,0,0
891e15b6dbbffff,0,0,0,0,0,0,0,0,0,0
891e15b6dc3ffff,0,0,0,0,0,0,0,0,0,0
891e15b6dc7ffff,0,0,0,0,0,0,0,1,0,0
891e15b6dcbffff,0,0,0,0,0,0,0,0,0,0
891e15b6dcfffff,0,0,5,4,4,2,2,3,3,2
891e15b6dd3ffff,0,0,0,0,0,0,0,0,0,0
891e15b6dd7ffff,0,0,0,0,0,0,0,0,0,0
891e15b6ddbffff,0,0,0,0,0,0,0,0,0,0
891e15b6e03ffff,1,1,2,0,0,0,0,2,2,1
891e15b6e07ffff,0,0,0,0,0,0,0,0,0,0
891e15b6e0bffff,3,1,1,0,0,0,0,1,1,4
891e15b6e0fffff,1,1,0,1,1,1,1,3,2,6
891e15b6e13ffff,0,0,0,0,0,0,0,0,0,0
891e15b6e17ffff,0,0,0,0,0,0,0,0,0,0
891e15b6e1bffff,2,2,2,2,2,1,1,1,2,2
891e15b6e23ffff,1,0,0,0,1,2,1,1,0,1
891e15b6e27ffff,1,1,1,1,0,0,0,0,0,0
891e15b6e2bffff,1,1,5,4,6,7,6,7,4,4
891e15b6e2fffff,2,2,2,1,1,2,1,1,1,1
891e15b6e33ffff,0,0,0,0,0,0,0,0,0,0
891e15b6e37ffff,0,0,0,1,1,1,1,1,1,1
891e15b6e3bffff,1,0,0,0,0,0,0,0,0,0
891e15b6e43ffff,0,0,0,0,0,0,0,1,1,1
891e15b6e47ffff,0,0,1,0,0,0,0,1,1,1
891e15b6e4bffff,0,0,1,1,1,1,1,1,1,1
891e15b6e4fffff,0,0,0,1,1,1,1,1,1,1
891e15b6e53ffff,0,0,0,0,0,0,0,0,1,0
891e15b6e57ffff,0,0,0,0,0,0,0,1,1,0
891e15b6e5bffff,0,0,0,0,0,0,0,0,0,0
891e15b6e63ffff,0,0,0,0,0,0,0,0,0,2
891e15b6e67ffff,3,7,6,8,2,2,3,9,12,19
891e15b6e6bffff,0,0,0,0,0,0,0,0,0,0
891e15b6e6fffff,0,3,1,1,1,1,10,12,13,15
891e15b6e73ffff,0,0,0,0,0,0,0,0,0,0
891e15b6e77ffff,0,0,0,0,0,0,1,0,2,4
891e15b6e7bffff,0,1,0,0,0,0,0,1,2,1
891e15b6e83ffff,0,0,0,0,0,0,0,0,0,0
891e15b6e87ffff,1,1,0,0,0,0,0,0,0,0
891e15b6e8bffff,0,0,0,0,0,0,1,0,0,0
891e15b6e8fffff,0,0,0,0,0,0,0,0,0,0
891e15b6e93ffff,1,2,2,0,2,2,2,5,3,2
891e15b6e97ffff,0,0,0,0,0,0,0,0,0,0
891e15b6e9bffff,0,0,0,0,0,0,0,0,0,0
891e15b6ea3ffff,0,0,0,0,0,0,0,0,0,0
891e15b6ea7ffff,0,0,0,0,0,0,0,1,1,1
891e15b6eabffff,0,0,0,0,0,0,0,0,0,0
891e15b6eafffff,0,0,0,0,0,0,0,0,0,0
891e15b6eb3ffff,0,0,0,0,0,0,1,2,1,1
891e15b6eb7ffff,0,0,0,0,0,0,0,0,0,0
891e15b6ebbffff,0,0,0,0,0,0,0,0,0,1
891e15b6ec3ffff,0,0,0,4,4,2,2,6,6,4
891e15b6ec7ffff,1,2,1,3,3,4,4,4,4,3
891e15b6ecbffff,0,0,0,0,0,0,0,0,0,0
891e15b6ecfffff,1,1,1,1,0,0,0,0,0,0
891e15b6ed3ffff,1,2,3,8,8,4,12,15,11,12
891e15b6ed7ffff,0,2,3,6,4,4,4,7,4,4
891e15b6edbffff,0,0,0,0,0,0,0,0,0,0
891e15b7003ffff,14,21,26,28,28,28,31,36,35,32
891e15b7007ffff,21,26,33,33,24,22,29,33,33,25
891e15b700bffff,11,15,19,32,29,33,35,40,40,45
891e15b700fffff,8,17,30,27,26,23,27,39,35,38
891e15b7013ffff,2,6,10,8,21,27,20,20,16,18
891e15b7017ffff,7,11,13,25,28,29,28,30,33,28
891e15b701bffff,7,9,16,15,12,13,15,33,33,30
891e15b7023ffff,12,20,20,19,18,16,13,18,11,10
891e15b7027ffff,17,24,27,29,23,20,20,22,23,25
891e15b702bffff,29,41,53,57,42,33,43,40,27,20
891e15b702fffff,21,27,31,25,24,26,39,41,37,32
891e15b7033ffff,18,37,36,42,34,37,42,44,47,40
891e15b7037ffff,10,12,20,15,10,12,14,13,17,22
891e15b703bffff,15,17,22,20,21,20,22,26,28,28
891e15b7043ffff,0,0,0,1,0,0,0,1,0,0
891e15b7047ffff,4,10,8,5,6,7,8,16,9,16
891e15b704bffff,1,1,0,0,2,2,1,1,1,0
891e15b704fffff,0,0,0,0,0,0,0,0,0,0
891e15b7053ffff,3,2,1,1,1,1,1,1,1,0
891e15b7057ffff,11,23,27,12,13,10,9,13,18,14
891e15b705bffff,0,1,1,1,0,0,0,0,0,0
891e15b7063ffff,8,9,11,20,11,11,11,16,11,15
891e15b7067ffff,16,18,21,24,9,12,13,23,21,21
891e15b706bffff,22,27,25,28,19,15,19,18,19,24
891e15b706fffff,15,21,31,36,21,17,21,13,28,10
891e15b7073ffff,14,17,24,34,31,41,63,103,113,120
891e15b7077ffff,8,18,25,38,28,32,33,35,35,33
891e15b707bffff,10,9,8,10,7,7,9,9,6,12
891e15b7083ffff,2,8,12,13,8,7,10,9,11,13
891e15b7087ffff,8,18,23,19,19,17,22,27,30,32
891e15b708bffff,2,2,6,13,13,12,17,23,12,14
891e15b708fffff,6,7,7,20,11,7,8,11,13,17
891e15b7093ffff,2,6,2,3,7,7,13,16,14,18
891e15b7097ffff,8,13,16,20,19,18,24,26,32,27
891e15b709bffff,8,11,9,11,11,8,11,17,9,10
891e15b70a3ffff,13,14,22,43,22,18,23,24,26,22
891e15b70a7ffff,16,20,25,42,58,63,45,46,54,31
891e15b70abffff,21,37,43,46,43,34,49,55,58,45
891e15b70afffff,12,17,27,39,24,26,26,25,27,23
891e15b70b3ffff,4,19,15,17,13,15,18,26,18,25
891e15b70b7ffff,14,22,25,33,28,26,31,32,48,45
891e15b70bbffff,15,12,14,25,12,12,8,15,25,11
891e15b70c3ffff,1,7,12,13,16,19,26,21,24,13
891e15b70c7ffff,6,6,8,7,7,7,14,12,8,5
891e15b70cbffff,0,1,1,3,2,2,1,3,8,5
891e15b70cfffff,3,4,5,6,5,3,10,12,11,9
891e15b70d3ffff,4,7,9,7,7,10,10,12,21,20
891e15b70d7ffff,6,10,11,15,16,14,28,36,38,19
891e15b70dbffff,6,6,6,6,9,7,6,10,16,21
891e15b7103ffff,3,3,3,1,8,8,9,9,10,11
891e15b7107ffff,18,25,26,27,25,24,27,26,20,12
891e15b710bffff,0,1,1,1,1,2,3,3,3,2
891e15b710fffff,11,10,12,10,12,10,10,10,10,4
891e15b7113ffff,17,21,20,19,20,20,21,20,20,19
891e15b7117ffff,20,22,23,26,11,8,9,11,12,11
891e15b711bffff,5,6,6,4,7,7,6,3,4,5
891e15b7123ffff,44,54,54,56,59,51,52,56,49,43
891e15b7127ffff,26,27,37,29,17,16,24,24,18,17
891e15b712bffff,21,46,60,70,59,45,32,31,29,39
891e15b712fffff,28,52,60,59,52,48,49,54,52,42
891e15b7133ffff,41,55,61,67,65,59,60,61,53,52
891e15b7137ffff,30,32,36,30,19,16,21,25,21,17
891e15b713bffff,35,54,60,56,66,52,47,49,47,37
891e15b7143ffff,27,44,50,62,56,55,52,53,44,41
891e15b7147ffff,2,5,6,4,2,2,3,3,3,2
891e15b714bffff,34,48,47,53,53,51,53,64,64,63
891e15b714fffff,22,33,34,43,32,31,35,35,38,35
891e15b7153ffff,19,23,31,25,28,26,19,16,12,18
891e15b7157ffff,22,28,27,44,31,35,33,31,31,27
891e15b715bffff,39,46,50,51,46,47,53,54,53,43
891e15b7163ffff,7,7,8,6,8,8,12,15,9,7
891e15b7167ffff,27,32,37,37,32,21,24,30,27,22
891e15b716bffff,19,23,23,25,19,17,14,15,13,17
891e15b716fffff,29,29,30,24,29,26,20,25,25,35
891e15b7173ffff,1,1,0,0,0,0,0,0,0,0
891e15b7177ffff,11,22,29,33,41,41,35,34,30,30
891e15b717bffff,1,1,2,1,1,2,4,4,4,3
891e15b7183ffff,10,18,17,17,12,9,9,13,13,8
891e15b7187ffff,13,31,40,50,49,43,44,42,39,29
891e15b718bffff,15,15,22,22,16,12,12,23,21,23
891e15b718fffff,16,19,24,26,29,28,27,27,23,13
891e15b7193ffff,6,10,15,14,19,6,4,6,7,8
891e15b7197ffff,13,17,16,11,14,13,13,12,13,17
891e15b719bffff,5,6,8,8,7,7,3,6,4,7
891e15b71a3ffff,6,12,14,21,11,13,12,14,12,4
891e15b71a7ffff,50,73,78,81,77,76,84,84,76,68
891e15b71abffff,22,26,33,30,18,25,28,26,28,17
891e15b71afffff,15,23,29,20,22,22,26,27,21,21
891e15b71b3ffff,13,14,13,14,14,10,9,12,11,10
891e15b71b7ffff,40,42,47,46,29,30,43,53,50,42
891e15b71bbffff,13,13,15,21,14,12,13,11,12,16
891e15b71c3ffff,13,22,34,42,58,52,45,52,43,43
891e15b71c7ffff,9,9,14,12,15,14,17,18,14,10
891e15b71cbffff,20,21,30,22,20,16,18,19,16,21
891e15b71cfffff,13,19,23,19,14,13,19,25,20,9
891e15b71d3ffff,17,23,28,29,21,17,20,21,23,19
891e15b71d7ffff,3,6,5,9,3,1,2,2,3,4
891e15b71dbffff,18,19,25,25,25,23,21,22,19,24
891e15b7203ffff,6,5,8,9,7,7,4,5,7,6
891e15b7207ffff,3,3,4,12,10,12,14,15,27,18
891e15b720bffff,7,12,11,12,16,16,19,22,23,25
891e15b720fffff,0,0,1,1,2,0,0,0,0,0
891e15b7213ffff,8,7,7,2,6,2,3,7,3,5
891e15b7217ffff,9,11,13,18,17,19,22,23,28,26
891e15b721bffff,3,3,3,6,4,4,5,12,18,18
891e15b7223ffff,9,12,12,21,12,12,13,18,21,13
891e15b7227ffff,9,14,21,22,11,11,15,15,12,14
891e15b722bffff,13,15,15,20,18,20,26,40,23,24
891e15b722fffff,11,22,26,19,4,8,8,24,24,31
891e15b7233ffff,2,5,6,6,8,3,5,7,6,5
891e15b7237ffff,7,4,6,5,11,13,20,24,34,25
891e15b723bffff,1,2,4,4,4,3,5,6,5,1
891e15b7243ffff,1,1,1,0,0,0,0,2,2,2
891e15b7247ffff,1,3,2,2,4,4,3,2,4,1
891e15b724bffff,2,1,2,1,1,1,1,2,0,0
891e15b724fffff,0,0,0,0,0,0,0,0,0,0
891e15b7253ffff,5,6,10,10,9,7,4,5,11,8
891e15b7257ffff,8,11,11,13,13,15,12,21,21,20
891e15b725bffff,6,7,4,7,3,3,1,2,4,7
891e15b7263ffff,0,0,0,0,0,0,0,0,0,0
891e15b7267ffff,5,5,6,8,8,8,10,11,7,9
891e15b726bffff,0,0,0,0,0,0,0,0,0,0
891e15b726fffff,5,6,7,5,3,3,4,5,8,7
891e15b7273ffff,1,1,1,2,2,6,1,1,1,0
891e15b7277ffff,0,0,0,0,0,0,0,0,0,0
891e15b727bffff,0,0,0,0,0,0,0,1,0,0
891e15b7283ffff,5,6,11,9,3,5,15,9,9,9
891e15b7287ffff,5,8,6,11,4,5,15,13,9,11
891e15b728bffff,5,7,14,16,11,20,30,39,41,29
891e15b728fffff,14,11,13,14,12,10,15,11,14,17
891e15b7293ffff,2,3,3,4,2,2,5,4,3,1
891e15b7297ffff,2,1,2,5,6,3,8,10,7,11
891e15b729bffff,1,3,0,0,1,0,2,5,4,3
891e15b72a3ffff,6,10,15,27,24,29,35,41,42,30
891e15b72a7ffff,11,24,30,43,40,44,60,66,54,43
891e15b72abffff,15,23,26,29,27,26,27,35,25,27
891e15b72afffff,14,18,18,17,19,15,19,34,13,15
891e15b72b3ffff,5,3,3,3,4,5,5,5,9,5
891e15b72b7ffff,4,3,8,15,19,18,26,26,24,26
891e15b72bbffff,16,17,10,16,19,21,24,29,24,21
891e15b72c3ffff,3,3,4,7,5,13,14,14,15,13
891e15b72c7ffff,3,4,8,10,2,2,8,5,8,11
891e15b72cbffff,6,5,4,6,6,6,5,8,11,6
891e15b72cfffff,1,4,3,3,4,4,8,8,6,4
891e15b72d3ffff,2,2,3,6,3,2,5,7,4,4
891e15b72d7ffff,3,9,2,4,4,4,6,6,10,7
891e15b72dbffff,0,1,2,3,4,5,6,8,5,6
891e15b7303ffff,29,39,38,36,27,24,29,31,29,27
891e15b7307ffff,25,33,40,35,33,39,50,52,58,51
891e15b730bffff,33,37,33,38,21,21,28,26,30,27
891e15b730fffff,31,38,36,35,31,29,30,32,30,30
891e15b7313ffff,19,24,27,24,34,40,36,42,27,33
891e15b7317ffff,27,33,41,38,31,33,36,41,38,38
891e15b731bffff,17,37,35,42,30,25,26,32,33,32
891e15b7323ffff,23,29,35,50,50,49,50,53,45,30
891e15b7327ffff,13,19,23,23,26,23,26,31,34,33
891e15b732bffff,20,24,38,46,28,28,26,33,26,19
891e15b732fffff,14,18,24,23,17,15,13,15,18,14
891e15b7333ffff,24,33,32,36,43,38,43,50,42,39
891e15b7337ffff,44,67,61,65,52,46,53,45,47,44
891e15b733bffff,22,32,41,40,30,29,36,28,28,29
891e15b7343ffff,6,9,16,21,20,17,18,15,13,11
891e15b7347ffff,6,6,7,6,11,9,12,10,7,9
891e15b734bffff,9,10,24,25,17,21,23,20,25,11
891e15b734fffff,12,9,15,11,12,13,18,21,21,16
891e15b7353ffff,13,17,24,29,42,34,35,43,40,47
891e15b7357ffff,18,24,25,33,33,27,28,29,24,22
891e15b735bffff,19,31,34,40,39,43,48,50,57,63
891e15b7363ffff,35,38,36,40,22,28,35,33,31,21
891e15b7367ffff,29,36,49,60,49,40,43,64,46,29
891e15b736bffff,4,4,7,9,1,3,6,8,5,10
891e15b736fffff,18,23,24,31,30,30,35,53,39,28
891e15b7373ffff,25,29,32,34,32,34,32,51,38,29
891e15b7377ffff,28,28,37,41,35,29,21,28,31,30
891e15b737bffff,12,10,20,20,22,28,44,39,38,43
891e15b7383ffff,35,43,37,40,45,42,49,43,41,34
891e15b7387ffff,45,49,54,61,49,47,43,43,46,43
891e15b738bffff,29,29,30,32,19,16,20,23,19,12
891e15b738fffff,17,26,25,19,27,28,21,24,23,36
891e15b7393ffff,31,45,47,38,45,42,52,46,32,28
891e15b7397ffff,39,47,46,44,45,48,52,52,51,33
891e15b739bffff,25,36,30,24,27,24,23,29,37,38
891e15b73a3ffff,25,43,56,49,46,46,46,52,36,16
891e15b73a7ffff,29,32,39,42,36,39,42,42,41,39
891e15b73abffff,20,24,25,28,32,27,29,41,39,25
891e15b73afffff,23,29,30,32,34,26,26,37,33,30
891e15b73b3ffff,24,24,20,27,26,30,30,29,27,27
891e15b73b7ffff,9,12,11,11,11,14,11,14,15,11
891e15b73bbffff,28,33,24,27,33,31,41,38,35,33
891e15b73c3ffff,11,8,14,19,26,21,27,32,26,18
891e15b73c7ffff,7,4,8,8,16,21,19,23,24,22
891e15b73cbffff,14,22,29,38,40,41,54,58,69,56
891e15b73cfffff,18,24,37,58,60,70,69,76,70,65
891e15b73d3ffff,21,23,23,45,40,40,54,57,51,36
891e15b73d7ffff,21,24,26,31,28,24,30,33,28,26
891e15b73dbffff,6,5,12,17,20,26,32,55,55,58
891e15b7403ffff,0,1,1,1,0,0,1,1,1,1
891e15b7407ffff,0,0,0,0,0,0,0,0,0,0
891e15b740bffff,1,0,2,2,2,2,2,4,2,1
891e15b740fffff,2,2,5,6,3,3,2,2,2,3
891e15b7413ffff,0,0,0,0,1,1,1,1,1,1
891e15b7417ffff,0,0,0,0,0,0,0,0,0,3
891e15b741bffff,0,2,0,1,0,0,0,0,0,1
891e15b7423ffff,4,1,1,0,0,0,0,0,0,1
891e15b7427ffff,1,0,1,1,2,2,3,4,5,2
891e15b742bffff,2,2,5,7,0,1,2,1,1,1
891e15b742fffff,0,1,1,1,0,0,0,0,0,0
891e15b7433ffff,0,1,2,3,2,2,0,2,1,2
891e15b7437ffff,2,5,3,4,2,6,5,8,9,5
891e15b743bffff,0,0,0,0,1,0,0,0,0,1
891e15b7443ffff,0,0,0,0,1,1,0,0,0,0
891e15b7447ffff,2,1,2,3,4,2,2,2,2,0
891e15b744bffff,0,0,1,0,0,0,0,0,0,0
891e15b744fffff,0,1,0,0,0,0,0,0,1,0
891e15b7453ffff,0,1,2,2,1,0,1,1,2,1
891e15b7457ffff,2,1,1,1,2,2,2,4,4,2
891e15b745bffff,0,0,0,0,0,0,1,1,0,0
891e15b7463ffff,5,6,7,8,8,9,7,11,9,3
891e15b7467ffff,4,6,9,12,9,10,10,12,10,8
891e15b746bffff,0,1,1,1,1,0,2,2,4,3
891e15b746fffff,7,17,13,10,7,10,18,26,24,20
891e15b7473ffff,2,2,4,7,2,1,1,2,1,2
891e15b7477ffff,14,17,18,21,21,23,25,24,38,21
891e15b747bffff,1,1,1,0,1,1,0,0,0,0
891e15b7483ffff,0,0,0,0,0,0,0,0,0,0
891e15b7487ffff,0,1,3,3,4,2,1,1,1,0
891e15b748bffff,0,0,0,0,0,0,0,0,0,0
891e15b748fffff,0,2,2,2,1,0,0,0,0,0
891e15b7493ffff,0,0,0,0,0,0,0,0,0,1
891e15b7497ffff,0,0,0,0,0,0,0,0,0,0
891e15b749bffff,0,0,0,0,0,0,0,0,0,0
891e15b74a3ffff,3,3,2,3,3,2,2,2,2,3
891e15b74a7ffff,5,6,6,6,3,3,3,5,3,5
891e15b74abffff,3,3,3,5,5,4,3,1,3,2
891e15b74afffff,7,7,7,8,6,6,6,6,12,7
891e15b74b3ffff,1,1,2,0,1,1,1,1,1,0
891e15b74b7ffff,0,3,4,3,4,2,2,1,2,3
891e15b74bbffff,2,2,5,4,4,5,6,6,6,3
891e15b74c3ffff,0,0,0,0,0,0,2,2,0,0
891e15b74c7ffff,1,1,0,0,0,0,0,0,0,0
891e15b74cbffff,2,1,2,4,3,2,3,3,3,3
891e15b74cfffff,0,0,0,0,0,0,0,0,0,0
891e15b74d3ffff,0,0,0,0,0,0,0,0,0,1
891e15b74d7ffff,0,1,1,1,2,2,2,1,1,1
891e15b74dbffff,0,0,0,0,0,0,0,0,4,3
891e15b7503ffff,6,9,9,10,7,8,7,8,7,4
891e15b7507ffff,13,13,15,15,8,8,11,15,17,12
891e15b750bffff,2,11,17,15,10,11,8,10,7,4
891e15b750fffff,7,12,14,14,10,11,11,9,11,9
891e15b7513ffff,1,3,3,2,0,0,3,3,4,4
891e15b7517ffff,4,4,4,4,2,2,2,2,2,1
891e15b751bffff,2,3,1,3,3,2,5,4,4,2
891e15b7523ffff,18,22,43,37,29,25,26,26,24,24
891e15b7527ffff,6,7,7,8,7,7,9,10,13,10
891e15b752bffff,21,30,51,46,38,33,31,39,37,35
891e15b752fffff,12,17,21,21,12,11,13,16,14,15
891e15b7533ffff,18,22,24,26,26,26,29,35,30,30
891e15b7537ffff,6,6,7,7,7,7,8,16,23,22
891e15b753bffff,21,24,22,23,25,20,21,28,30,17
891e15b7543ffff,4,9,11,10,14,12,15,25,24,18
891e15b7547ffff,8,9,13,14,11,9,14,13,13,9
891e15b754bffff,3,11,16,20,17,12,25,32,36,29
891e15b754fffff,23,21,26,23,21,20,22,32,38,42
891e15b7553ffff,8,8,12,16,10,8,9,13,9,11
891e15b7557ffff,11,14,11,14,10,10,13,22,16,16
891e15b755bffff,3,3,9,11,11,10,13,16,12,15
891e15b7563ffff,5,7,9,9,12,16,22,37,31,11
891e15b7567ffff,14,19,32,28,29,18,18,18,20,16
891e15b756bffff,2,4,2,3,2,5,1,2,1,3
891e15b756fffff,1,1,1,4,3,4,4,5,5,6
891e15b7573ffff,17,26,28,25,18,15,22,25,24,16
891e15b7577ffff,15,27,44,49,37,40,45,44,48,47
891e15b757bffff,11,13,17,20,20,19,30,43,37,35
891e15b7583ffff,0,1,0,0,0,0,0,0,0,0
891e15b7587ffff,0,2,2,1,0,1,1,5,5,2
891e15b758bffff,1,1,1,1,2,2,1,1,1,0
891e15b758fffff,0,1,0,0,0,0,0,1,1,0
891e15b7593ffff,2,3,3,4,5,6,6,7,5,3
891e15b7597ffff,3,3,3,1,2,2,1,2,1,0
891e15b759bffff,3,4,4,4,2,1,1,1,1,1
891e15b75a3ffff,8,10,7,12,13,11,11,10,9,6
891e15b75a7ffff,0,0,0,1,0,0,0,0,0,0
891e15b75abffff,6,9,9,7,7,8,8,10,7,7
891e15b75afffff,2,1,3,5,6,7,6,5,3,5
891e15b75b3ffff,1,2,5,3,3,1,1,1,0,1
891e15b75b7ffff,2,2,3,1,0,2,0,3,1,5
891e15b75bbffff,4,6,9,8,7,7,10,12,8,6
891e15b75c3ffff,0,0,0,1,1,2,1,2,2,1
891e15b75c7ffff,1,0,0,2,1,1,1,2,2,2
891e15b75cbffff,2,2,4,2,3,3,3,5,5,5
891e15b75cfffff,6,5,2,4,7,8,7,5,4,1
891e15b75d3ffff,2,3,3,2,0,2,1,3,0,2
891e15b75d7ffff,0,1,1,0,0,0,0,0,0,0
891e15b75dbffff,5,3,6,4,5,7,7,5,6,7
891e15b7603ffff,0,0,0,0,0,0,0,0,0,0
891e15b7607ffff,0,0,0,0,0,0,0,0,0,0
891e15b760bffff,0,0,0,0,0,0,0,0,0,0
891e15b760fffff,0,0,0,0,0,0,0,0,0,0
891e15b7613ffff,0,0,0,0,0,0,0,0,0,0
891e15b7617ffff,0,0,0,0,0,0,0,0,0,0
891e15b761bffff,1,1,1,1,0,0,0,0,0,0
891e15b7623ffff,4,4,10,6,11,8,11,13,12,8
891e15b7627ffff,2,2,1,1,0,0,1,1,1,1
891e15b762bffff,1,3,1,1,2,2,4,4,3,2
891e15b762fffff,3,0,1,0,2,1,2,1,1,0
891e15b7633ffff,2,1,1,2,2,0,2,2,1,2
891e15b7637ffff,4,4,7,7,3,4,5,6,4,5
891e15b763bffff,0,1,1,0,0,0,0,0,1,1
891e15b7643ffff,0,0,0,0,0,0,0,0,0,0
891e15b7647ffff,0,0,0,0,0,1,1,1,1,0
891e15b764bffff,0,0,0,0,0,0,0,0,0,0
891e15b764fffff,1,1,0,0,1,1,1,1,1,1
891e15b7653ffff,0,0,0,0,0,0,0,0,0,0
891e15b7657ffff,0,0,0,0,1,1,1,1,1,1
891e15b765bffff,0,0,0,0,0,0,0,0,0,0
891e15b7663ffff,0,0,0,0,0,0,0,0,0,0
891e15b7667ffff,1,2,1,1,0,0,0,2,1,1
891e15b766bffff,0,0,0,0,0,1,1,0,0,0
891e15b766fffff,2,2,4,2,1,1,0,0,0,0
891e15b7673ffff,3,2,2,2,2,2,2,2,2,2
891e15b7677ffff,2,1,0,0,0,0,0,0,0,0
891e15b767bffff,1,0,0,0,0,0,0,0,0,0
891e15b7683ffff,2,2,2,2,1,0,1,1,1,1
891e15b7687ffff,0,0,0,0,0,0,0,0,0,1
891e15b768bffff,2,2,1,2,4,2,3,3,3,3
891e15b768fffff,0,0,0,0,0,0,1,1,0,0
891e15b7693ffff,0,0,0,0,0,0,0,0,0,0
891e15b7697ffff,0,0,0,0,0,0,0,0,0,0
891e15b769bffff,1,1,0,0,0,0,0,0,0,0
891e15b76a3ffff,0,0,1,3,8,4,4,3,3,1
891e15b76a7ffff,6,10,8,7,8,9,13,16,16,16
891e15b76abffff,0,1,1,1,0,0,0,0,0,0
891e15b76afffff,4,7,15,11,12,12,11,10,12,9
891e15b76b3ffff,0,1,0,0,1,1,1,1,1,2
891e15b76b7ffff,0,3,4,3,2,1,2,2,2,2
891e15b76bbffff,0,0,0,0,0,1,0,0,0,0
891e15b76c3ffff,0,0,0,0,0,0,0,0,0,0
891e15b76c7ffff,0,0,0,1,0,0,1,1,0,0
891e15b76cbffff,0,0,0,0,0,0,0,0,0,0
891e15b76cfffff,0,0,0,0,0,0,0,0,0,0
891e15b76d3ffff,0,0,1,1,1,0,0,0,0,0
891e15b76d7ffff,0,1,0,0,0,0,0,0,1,1
891e15b76dbffff,0,0,0,0,0,0,0,0,0,0
